,incident_id
2,00ff9960-40d7-11ec-b81c-33d442e55df8
16,72c72260-120d-11eb-a3ae-53136ea5d4e6
25,69741330-25c2-11eb-a3b1-07c4769263ea
27,24fa4a50-f91e-11eb-98bb-95028a4c8b05
56,04ace9c0-0fde-11ec-8c66-bd734728b5ba
125,36a32ab0-d42a-11eb-a192-c5509024cd4a
137,a482b280-a1db-11ea-aa67-0b6b068266ad
144,a50d8060-01a1-11eb-b177-5f49668a9776
148,b77a2a20-1c79-11ec-bbb1-d17b99816d46
151,5bf780a0-f6b2-11ea-b6fa-6deaa5aa80b0
160,5ae8bdb0-1fa5-11ec-aba2-27b717aed560
167,7d05f300-04ac-11eb-8c43-8ded27596b66
201,c29df010-070a-11eb-ab9e-fb89bdbaf0c7
204,5f9d6a90-1795-11eb-a388-210bf038e9e5
207,5efbb140-2457-11eb-af35-ed9bb3f10d5f
217,e5fe7320-f2b2-11ea-8781-7798bdcc4349
221,65c29ab0-1ae8-11ec-8477-47d0f236e203
248,aefd31a0-238a-11eb-b77f-316b5c5dd5eb
