,ï»¿Employees,Admins,Assets,Disclose,Ransomware
0,1.0,1.0,1.0,1.0,1.0
1,10.0,1.0,1.0,1.0,1.0
2,50.0,1.0,1.0,1.0,1.0
3,100.0,1.0,1.0,1.0,1.0
4,1000.0,1.0,1.0,1.0,1.0
5,1.0,10.0,1.0,1.0,1.0
6,10.0,10.0,1.0,1.0,1.0
7,50.0,10.0,1.0,1.0,1.0
8,100.0,10.0,1.0,1.0,1.0
9,1000.0,10.0,1.0,1.0,1.0
10,1.0,50.0,1.0,1.0,1.0
11,10.0,50.0,1.0,1.0,1.0
12,50.0,50.0,1.0,1.0,1.0
13,100.0,50.0,1.0,1.0,1.0
14,1000.0,50.0,1.0,1.0,1.0
15,1.0,100.0,1.0,1.0,1.0
16,10.0,100.0,1.0,1.0,1.0
17,50.0,100.0,1.0,1.0,1.0
18,100.0,100.0,1.0,1.0,1.0
19,1000.0,100.0,1.0,1.0,1.0
20,1.0,1000.0,1.0,1.0,1.0
21,10.0,1000.0,1.0,1.0,1.0
22,50.0,1000.0,1.0,1.0,1.0
23,100.0,1000.0,1.0,1.0,1.0
24,1000.0,1000.0,1.0,1.0,1.0
25,1.0,1.0,10.0,1.0,1.0
26,10.0,1.0,10.0,1.0,1.0
27,50.0,1.0,10.0,1.0,1.0
28,100.0,1.0,10.0,1.0,1.0
29,1000.0,1.0,10.0,1.0,1.0
30,1.0,10.0,10.0,1.0,1.0
31,10.0,10.0,10.0,1.0,1.0
32,50.0,10.0,10.0,1.0,1.0
33,100.0,10.0,10.0,1.0,1.0
34,1000.0,10.0,10.0,1.0,1.0
35,1.0,50.0,10.0,1.0,1.0
36,10.0,50.0,10.0,1.0,1.0
37,50.0,50.0,10.0,1.0,1.0
38,100.0,50.0,10.0,1.0,1.0
39,1000.0,50.0,10.0,1.0,1.0
40,1.0,100.0,10.0,1.0,1.0
41,10.0,100.0,10.0,1.0,1.0
42,50.0,100.0,10.0,1.0,1.0
43,100.0,100.0,10.0,1.0,1.0
44,1000.0,100.0,10.0,1.0,1.0
45,1.0,1000.0,10.0,1.0,1.0
46,10.0,1000.0,10.0,1.0,1.0
47,50.0,1000.0,10.0,1.0,1.0
48,100.0,1000.0,10.0,1.0,1.0
49,1000.0,1000.0,10.0,1.0,1.0
50,1.0,1.0,50.0,1.0,1.0
51,10.0,1.0,50.0,1.0,1.0
52,50.0,1.0,50.0,1.0,1.0
53,100.0,1.0,50.0,1.0,1.0
54,1000.0,1.0,50.0,1.0,1.0
55,1.0,10.0,50.0,1.0,1.0
56,10.0,10.0,50.0,1.0,1.0
57,50.0,10.0,50.0,1.0,1.0
58,100.0,10.0,50.0,1.0,1.0
59,1000.0,10.0,50.0,1.0,1.0
60,1.0,50.0,50.0,1.0,1.0
61,10.0,50.0,50.0,1.0,1.0
62,50.0,50.0,50.0,1.0,1.0
63,100.0,50.0,50.0,1.0,1.0
64,1000.0,50.0,50.0,1.0,1.0
65,1.0,100.0,50.0,1.0,1.0
66,10.0,100.0,50.0,1.0,1.0
67,50.0,100.0,50.0,1.0,1.0
68,100.0,100.0,50.0,1.0,1.0
69,1000.0,100.0,50.0,1.0,1.0
70,1.0,1000.0,50.0,1.0,1.0
71,10.0,1000.0,50.0,1.0,1.0
72,50.0,1000.0,50.0,1.0,1.0
73,100.0,1000.0,50.0,1.0,1.0
74,1000.0,1000.0,50.0,1.0,1.0
75,1.0,1.0,100.0,1.0,1.0
76,10.0,1.0,100.0,1.0,1.0
77,50.0,1.0,100.0,1.0,1.0
78,100.0,1.0,100.0,1.0,1.0
79,1000.0,1.0,100.0,1.0,1.0
80,1.0,10.0,100.0,1.0,1.0
81,10.0,10.0,100.0,1.0,1.0
82,50.0,10.0,100.0,1.0,1.0
83,100.0,10.0,100.0,1.0,1.0
84,1000.0,10.0,100.0,1.0,1.0
85,1.0,50.0,100.0,1.0,1.0
86,10.0,50.0,100.0,1.0,1.0
87,50.0,50.0,100.0,1.0,1.0
88,100.0,50.0,100.0,1.0,1.0
89,1000.0,50.0,100.0,1.0,1.0
90,1.0,100.0,100.0,1.0,1.0
91,10.0,100.0,100.0,1.0,1.0
92,50.0,100.0,100.0,1.0,1.0
93,100.0,100.0,100.0,1.0,1.0
94,1000.0,100.0,100.0,1.0,1.0
95,1.0,1000.0,100.0,1.0,1.0
96,10.0,1000.0,100.0,1.0,1.0
97,50.0,1000.0,100.0,1.0,1.0
98,100.0,1000.0,100.0,1.0,1.0
99,1000.0,1000.0,100.0,1.0,1.0
100,1.0,1.0,1000.0,1.0,1.0
101,10.0,1.0,1000.0,1.0,1.0
102,50.0,1.0,1000.0,1.0,1.0
103,100.0,1.0,1000.0,1.0,1.0
104,1000.0,1.0,1000.0,1.0,1.0
105,1.0,10.0,1000.0,1.0,1.0
106,10.0,10.0,1000.0,1.0,1.0
107,50.0,10.0,1000.0,1.0,1.0
108,100.0,10.0,1000.0,1.0,1.0
109,1000.0,10.0,1000.0,1.0,1.0
110,1.0,50.0,1000.0,1.0,1.0
111,10.0,50.0,1000.0,1.0,1.0
112,50.0,50.0,1000.0,1.0,1.0
113,100.0,50.0,1000.0,1.0,1.0
114,1000.0,50.0,1000.0,1.0,1.0
115,1.0,100.0,1000.0,1.0,1.0
116,10.0,100.0,1000.0,1.0,1.0
117,50.0,100.0,1000.0,1.0,1.0
118,100.0,100.0,1000.0,1.0,1.0
119,1000.0,100.0,1000.0,1.0,1.0
120,1.0,1000.0,1000.0,1.0,1.0
121,10.0,1000.0,1000.0,1.0,1.0
122,50.0,1000.0,1000.0,1.0,1.0
123,100.0,1000.0,1000.0,1.0,1.0
124,1000.0,1000.0,1000.0,1.0,1.0
125,1.0,1.0,1.0,2.0,1.0
126,10.0,1.0,1.0,2.0,1.0
127,50.0,1.0,1.0,2.0,1.0
128,100.0,1.0,1.0,2.0,1.0
129,1000.0,1.0,1.0,2.0,1.0
130,1.0,10.0,1.0,2.0,1.0
131,10.0,10.0,1.0,2.0,1.0
132,50.0,10.0,1.0,2.0,1.0
133,100.0,10.0,1.0,2.0,1.0
134,1000.0,10.0,1.0,2.0,1.0
135,1.0,50.0,1.0,2.0,1.0
136,10.0,50.0,1.0,2.0,1.0
137,50.0,50.0,1.0,2.0,1.0
138,100.0,50.0,1.0,2.0,1.0
139,1000.0,50.0,1.0,2.0,1.0
140,1.0,100.0,1.0,2.0,1.0
141,10.0,100.0,1.0,2.0,1.0
142,50.0,100.0,1.0,2.0,1.0
143,100.0,100.0,1.0,2.0,1.0
144,1000.0,100.0,1.0,2.0,1.0
145,1.0,1000.0,1.0,2.0,1.0
146,10.0,1000.0,1.0,2.0,1.0
147,50.0,1000.0,1.0,2.0,1.0
148,100.0,1000.0,1.0,2.0,1.0
149,1000.0,1000.0,1.0,2.0,1.0
150,1.0,1.0,10.0,2.0,1.0
151,10.0,1.0,10.0,2.0,1.0
152,50.0,1.0,10.0,2.0,1.0
153,100.0,1.0,10.0,2.0,1.0
154,1000.0,1.0,10.0,2.0,1.0
155,1.0,10.0,10.0,2.0,1.0
156,10.0,10.0,10.0,2.0,1.0
157,50.0,10.0,10.0,2.0,1.0
158,100.0,10.0,10.0,2.0,1.0
159,1000.0,10.0,10.0,2.0,1.0
160,1.0,50.0,10.0,2.0,1.0
161,10.0,50.0,10.0,2.0,1.0
162,50.0,50.0,10.0,2.0,1.0
163,100.0,50.0,10.0,2.0,1.0
164,1000.0,50.0,10.0,2.0,1.0
165,1.0,100.0,10.0,2.0,1.0
166,10.0,100.0,10.0,2.0,1.0
167,50.0,100.0,10.0,2.0,1.0
168,100.0,100.0,10.0,2.0,1.0
169,1000.0,100.0,10.0,2.0,1.0
170,1.0,1000.0,10.0,2.0,1.0
171,10.0,1000.0,10.0,2.0,1.0
172,50.0,1000.0,10.0,2.0,1.0
173,100.0,1000.0,10.0,2.0,1.0
174,1000.0,1000.0,10.0,2.0,1.0
175,1.0,1.0,50.0,2.0,1.0
176,10.0,1.0,50.0,2.0,1.0
177,50.0,1.0,50.0,2.0,1.0
178,100.0,1.0,50.0,2.0,1.0
179,1000.0,1.0,50.0,2.0,1.0
180,1.0,10.0,50.0,2.0,1.0
181,10.0,10.0,50.0,2.0,1.0
182,50.0,10.0,50.0,2.0,1.0
183,100.0,10.0,50.0,2.0,1.0
184,1000.0,10.0,50.0,2.0,1.0
185,1.0,50.0,50.0,2.0,1.0
186,10.0,50.0,50.0,2.0,1.0
187,50.0,50.0,50.0,2.0,1.0
188,100.0,50.0,50.0,2.0,1.0
189,1000.0,50.0,50.0,2.0,1.0
190,1.0,100.0,50.0,2.0,1.0
191,10.0,100.0,50.0,2.0,1.0
192,50.0,100.0,50.0,2.0,1.0
193,100.0,100.0,50.0,2.0,1.0
194,1000.0,100.0,50.0,2.0,1.0
195,1.0,1000.0,50.0,2.0,1.0
196,10.0,1000.0,50.0,2.0,1.0
197,50.0,1000.0,50.0,2.0,1.0
198,100.0,1000.0,50.0,2.0,1.0
199,1000.0,1000.0,50.0,2.0,1.0
200,1.0,1.0,100.0,2.0,1.0
201,10.0,1.0,100.0,2.0,1.0
202,50.0,1.0,100.0,2.0,1.0
203,100.0,1.0,100.0,2.0,1.0
204,1000.0,1.0,100.0,2.0,1.0
205,1.0,10.0,100.0,2.0,1.0
206,10.0,10.0,100.0,2.0,1.0
207,50.0,10.0,100.0,2.0,1.0
208,100.0,10.0,100.0,2.0,1.0
209,1000.0,10.0,100.0,2.0,1.0
210,1.0,50.0,100.0,2.0,1.0
211,10.0,50.0,100.0,2.0,1.0
212,50.0,50.0,100.0,2.0,1.0
213,100.0,50.0,100.0,2.0,1.0
214,1000.0,50.0,100.0,2.0,1.0
215,1.0,100.0,100.0,2.0,1.0
216,10.0,100.0,100.0,2.0,1.0
217,50.0,100.0,100.0,2.0,1.0
218,100.0,100.0,100.0,2.0,1.0
219,1000.0,100.0,100.0,2.0,1.0
220,1.0,1000.0,100.0,2.0,1.0
221,10.0,1000.0,100.0,2.0,1.0
222,50.0,1000.0,100.0,2.0,1.0
223,100.0,1000.0,100.0,2.0,1.0
224,1000.0,1000.0,100.0,2.0,1.0
225,1.0,1.0,1000.0,2.0,1.0
226,10.0,1.0,1000.0,2.0,1.0
227,50.0,1.0,1000.0,2.0,1.0
228,100.0,1.0,1000.0,2.0,1.0
229,1000.0,1.0,1000.0,2.0,1.0
230,1.0,10.0,1000.0,2.0,1.0
231,10.0,10.0,1000.0,2.0,1.0
232,50.0,10.0,1000.0,2.0,1.0
233,100.0,10.0,1000.0,2.0,1.0
234,1000.0,10.0,1000.0,2.0,1.0
235,1.0,50.0,1000.0,2.0,1.0
236,10.0,50.0,1000.0,2.0,1.0
237,50.0,50.0,1000.0,2.0,1.0
238,100.0,50.0,1000.0,2.0,1.0
239,1000.0,50.0,1000.0,2.0,1.0
240,1.0,100.0,1000.0,2.0,1.0
241,10.0,100.0,1000.0,2.0,1.0
242,50.0,100.0,1000.0,2.0,1.0
243,100.0,100.0,1000.0,2.0,1.0
244,1000.0,100.0,1000.0,2.0,1.0
245,1.0,1000.0,1000.0,2.0,1.0
246,10.0,1000.0,1000.0,2.0,1.0
247,50.0,1000.0,1000.0,2.0,1.0
248,100.0,1000.0,1000.0,2.0,1.0
249,1000.0,1000.0,1000.0,2.0,1.0
250,1.0,1.0,1.0,5.0,1.0
251,10.0,1.0,1.0,5.0,1.0
252,50.0,1.0,1.0,5.0,1.0
253,100.0,1.0,1.0,5.0,1.0
254,1000.0,1.0,1.0,5.0,1.0
255,1.0,10.0,1.0,5.0,1.0
256,10.0,10.0,1.0,5.0,1.0
257,50.0,10.0,1.0,5.0,1.0
258,100.0,10.0,1.0,5.0,1.0
259,1000.0,10.0,1.0,5.0,1.0
260,1.0,50.0,1.0,5.0,1.0
261,10.0,50.0,1.0,5.0,1.0
262,50.0,50.0,1.0,5.0,1.0
263,100.0,50.0,1.0,5.0,1.0
264,1000.0,50.0,1.0,5.0,1.0
265,1.0,100.0,1.0,5.0,1.0
266,10.0,100.0,1.0,5.0,1.0
267,50.0,100.0,1.0,5.0,1.0
268,100.0,100.0,1.0,5.0,1.0
269,1000.0,100.0,1.0,5.0,1.0
270,1.0,1000.0,1.0,5.0,1.0
271,10.0,1000.0,1.0,5.0,1.0
272,50.0,1000.0,1.0,5.0,1.0
273,100.0,1000.0,1.0,5.0,1.0
274,1000.0,1000.0,1.0,5.0,1.0
275,1.0,1.0,10.0,5.0,1.0
276,10.0,1.0,10.0,5.0,1.0
277,50.0,1.0,10.0,5.0,1.0
278,100.0,1.0,10.0,5.0,1.0
279,1000.0,1.0,10.0,5.0,1.0
280,1.0,10.0,10.0,5.0,1.0
281,10.0,10.0,10.0,5.0,1.0
282,50.0,10.0,10.0,5.0,1.0
283,100.0,10.0,10.0,5.0,1.0
284,1000.0,10.0,10.0,5.0,1.0
285,1.0,50.0,10.0,5.0,1.0
286,10.0,50.0,10.0,5.0,1.0
287,50.0,50.0,10.0,5.0,1.0
288,100.0,50.0,10.0,5.0,1.0
289,1000.0,50.0,10.0,5.0,1.0
290,1.0,100.0,10.0,5.0,1.0
291,10.0,100.0,10.0,5.0,1.0
292,50.0,100.0,10.0,5.0,1.0
293,100.0,100.0,10.0,5.0,1.0
294,1000.0,100.0,10.0,5.0,1.0
295,1.0,1000.0,10.0,5.0,1.0
296,10.0,1000.0,10.0,5.0,1.0
297,50.0,1000.0,10.0,5.0,1.0
298,100.0,1000.0,10.0,5.0,1.0
299,1000.0,1000.0,10.0,5.0,1.0
300,1.0,1.0,50.0,5.0,1.0
301,10.0,1.0,50.0,5.0,1.0
302,50.0,1.0,50.0,5.0,1.0
303,100.0,1.0,50.0,5.0,1.0
304,1000.0,1.0,50.0,5.0,1.0
305,1.0,10.0,50.0,5.0,1.0
306,10.0,10.0,50.0,5.0,1.0
307,50.0,10.0,50.0,5.0,1.0
308,100.0,10.0,50.0,5.0,1.0
309,1000.0,10.0,50.0,5.0,1.0
310,1.0,50.0,50.0,5.0,1.0
311,10.0,50.0,50.0,5.0,1.0
312,50.0,50.0,50.0,5.0,1.0
313,100.0,50.0,50.0,5.0,1.0
314,1000.0,50.0,50.0,5.0,1.0
315,1.0,100.0,50.0,5.0,1.0
316,10.0,100.0,50.0,5.0,1.0
317,50.0,100.0,50.0,5.0,1.0
318,100.0,100.0,50.0,5.0,1.0
319,1000.0,100.0,50.0,5.0,1.0
320,1.0,1000.0,50.0,5.0,1.0
321,10.0,1000.0,50.0,5.0,1.0
322,50.0,1000.0,50.0,5.0,1.0
323,100.0,1000.0,50.0,5.0,1.0
324,1000.0,1000.0,50.0,5.0,1.0
325,1.0,1.0,100.0,5.0,1.0
326,10.0,1.0,100.0,5.0,1.0
327,50.0,1.0,100.0,5.0,1.0
328,100.0,1.0,100.0,5.0,1.0
329,1000.0,1.0,100.0,5.0,1.0
330,1.0,10.0,100.0,5.0,1.0
331,10.0,10.0,100.0,5.0,1.0
332,50.0,10.0,100.0,5.0,1.0
333,100.0,10.0,100.0,5.0,1.0
334,1000.0,10.0,100.0,5.0,1.0
335,1.0,50.0,100.0,5.0,1.0
336,10.0,50.0,100.0,5.0,1.0
337,50.0,50.0,100.0,5.0,1.0
338,100.0,50.0,100.0,5.0,1.0
339,1000.0,50.0,100.0,5.0,1.0
340,1.0,100.0,100.0,5.0,1.0
341,10.0,100.0,100.0,5.0,1.0
342,50.0,100.0,100.0,5.0,1.0
343,100.0,100.0,100.0,5.0,1.0
344,1000.0,100.0,100.0,5.0,1.0
345,1.0,1000.0,100.0,5.0,1.0
346,10.0,1000.0,100.0,5.0,1.0
347,50.0,1000.0,100.0,5.0,1.0
348,100.0,1000.0,100.0,5.0,1.0
349,1000.0,1000.0,100.0,5.0,1.0
350,1.0,1.0,1000.0,5.0,1.0
351,10.0,1.0,1000.0,5.0,1.0
352,50.0,1.0,1000.0,5.0,1.0
353,100.0,1.0,1000.0,5.0,1.0
354,1000.0,1.0,1000.0,5.0,1.0
355,1.0,10.0,1000.0,5.0,1.0
356,10.0,10.0,1000.0,5.0,1.0
357,50.0,10.0,1000.0,5.0,1.0
358,100.0,10.0,1000.0,5.0,1.0
359,1000.0,10.0,1000.0,5.0,1.0
360,1.0,50.0,1000.0,5.0,1.0
361,10.0,50.0,1000.0,5.0,1.0
362,50.0,50.0,1000.0,5.0,1.0
363,100.0,50.0,1000.0,5.0,1.0
364,1000.0,50.0,1000.0,5.0,1.0
365,1.0,100.0,1000.0,5.0,1.0
366,10.0,100.0,1000.0,5.0,1.0
367,50.0,100.0,1000.0,5.0,1.0
368,100.0,100.0,1000.0,5.0,1.0
369,1000.0,100.0,1000.0,5.0,1.0
370,1.0,1000.0,1000.0,5.0,1.0
371,10.0,1000.0,1000.0,5.0,1.0
372,50.0,1000.0,1000.0,5.0,1.0
373,100.0,1000.0,1000.0,5.0,1.0
374,1000.0,1000.0,1000.0,5.0,1.0
375,1.0,1.0,1.0,10.0,1.0
376,10.0,1.0,1.0,10.0,1.0
377,50.0,1.0,1.0,10.0,1.0
378,100.0,1.0,1.0,10.0,1.0
379,1000.0,1.0,1.0,10.0,1.0
380,1.0,10.0,1.0,10.0,1.0
381,10.0,10.0,1.0,10.0,1.0
382,50.0,10.0,1.0,10.0,1.0
383,100.0,10.0,1.0,10.0,1.0
384,1000.0,10.0,1.0,10.0,1.0
385,1.0,50.0,1.0,10.0,1.0
386,10.0,50.0,1.0,10.0,1.0
387,50.0,50.0,1.0,10.0,1.0
388,100.0,50.0,1.0,10.0,1.0
389,1000.0,50.0,1.0,10.0,1.0
390,1.0,100.0,1.0,10.0,1.0
391,10.0,100.0,1.0,10.0,1.0
392,50.0,100.0,1.0,10.0,1.0
393,100.0,100.0,1.0,10.0,1.0
394,1000.0,100.0,1.0,10.0,1.0
395,1.0,1000.0,1.0,10.0,1.0
396,10.0,1000.0,1.0,10.0,1.0
397,50.0,1000.0,1.0,10.0,1.0
398,100.0,1000.0,1.0,10.0,1.0
399,1000.0,1000.0,1.0,10.0,1.0
400,1.0,1.0,10.0,10.0,1.0
401,10.0,1.0,10.0,10.0,1.0
402,50.0,1.0,10.0,10.0,1.0
403,100.0,1.0,10.0,10.0,1.0
404,1000.0,1.0,10.0,10.0,1.0
405,1.0,10.0,10.0,10.0,1.0
406,10.0,10.0,10.0,10.0,1.0
407,50.0,10.0,10.0,10.0,1.0
408,100.0,10.0,10.0,10.0,1.0
409,1000.0,10.0,10.0,10.0,1.0
410,1.0,50.0,10.0,10.0,1.0
411,10.0,50.0,10.0,10.0,1.0
412,50.0,50.0,10.0,10.0,1.0
413,100.0,50.0,10.0,10.0,1.0
414,1000.0,50.0,10.0,10.0,1.0
415,1.0,100.0,10.0,10.0,1.0
416,10.0,100.0,10.0,10.0,1.0
417,50.0,100.0,10.0,10.0,1.0
418,100.0,100.0,10.0,10.0,1.0
419,1000.0,100.0,10.0,10.0,1.0
420,1.0,1000.0,10.0,10.0,1.0
421,10.0,1000.0,10.0,10.0,1.0
422,50.0,1000.0,10.0,10.0,1.0
423,100.0,1000.0,10.0,10.0,1.0
424,1000.0,1000.0,10.0,10.0,1.0
425,1.0,1.0,50.0,10.0,1.0
426,10.0,1.0,50.0,10.0,1.0
427,50.0,1.0,50.0,10.0,1.0
428,100.0,1.0,50.0,10.0,1.0
429,1000.0,1.0,50.0,10.0,1.0
430,1.0,10.0,50.0,10.0,1.0
431,10.0,10.0,50.0,10.0,1.0
432,50.0,10.0,50.0,10.0,1.0
433,100.0,10.0,50.0,10.0,1.0
434,1000.0,10.0,50.0,10.0,1.0
435,1.0,50.0,50.0,10.0,1.0
436,10.0,50.0,50.0,10.0,1.0
437,50.0,50.0,50.0,10.0,1.0
438,100.0,50.0,50.0,10.0,1.0
439,1000.0,50.0,50.0,10.0,1.0
440,1.0,100.0,50.0,10.0,1.0
441,10.0,100.0,50.0,10.0,1.0
442,50.0,100.0,50.0,10.0,1.0
443,100.0,100.0,50.0,10.0,1.0
444,1000.0,100.0,50.0,10.0,1.0
445,1.0,1000.0,50.0,10.0,1.0
446,10.0,1000.0,50.0,10.0,1.0
447,50.0,1000.0,50.0,10.0,1.0
448,100.0,1000.0,50.0,10.0,1.0
449,1000.0,1000.0,50.0,10.0,1.0
450,1.0,1.0,100.0,10.0,1.0
451,10.0,1.0,100.0,10.0,1.0
452,50.0,1.0,100.0,10.0,1.0
453,100.0,1.0,100.0,10.0,1.0
454,1000.0,1.0,100.0,10.0,1.0
455,1.0,10.0,100.0,10.0,1.0
456,10.0,10.0,100.0,10.0,1.0
457,50.0,10.0,100.0,10.0,1.0
458,100.0,10.0,100.0,10.0,1.0
459,1000.0,10.0,100.0,10.0,1.0
460,1.0,50.0,100.0,10.0,1.0
461,10.0,50.0,100.0,10.0,1.0
462,50.0,50.0,100.0,10.0,1.0
463,100.0,50.0,100.0,10.0,1.0
464,1000.0,50.0,100.0,10.0,1.0
465,1.0,100.0,100.0,10.0,1.0
466,10.0,100.0,100.0,10.0,1.0
467,50.0,100.0,100.0,10.0,1.0
468,100.0,100.0,100.0,10.0,1.0
469,1000.0,100.0,100.0,10.0,1.0
470,1.0,1000.0,100.0,10.0,1.0
471,10.0,1000.0,100.0,10.0,1.0
472,50.0,1000.0,100.0,10.0,1.0
473,100.0,1000.0,100.0,10.0,1.0
474,1000.0,1000.0,100.0,10.0,1.0
475,1.0,1.0,1000.0,10.0,1.0
476,10.0,1.0,1000.0,10.0,1.0
477,50.0,1.0,1000.0,10.0,1.0
478,100.0,1.0,1000.0,10.0,1.0
479,1000.0,1.0,1000.0,10.0,1.0
480,1.0,10.0,1000.0,10.0,1.0
481,10.0,10.0,1000.0,10.0,1.0
482,50.0,10.0,1000.0,10.0,1.0
483,100.0,10.0,1000.0,10.0,1.0
484,1000.0,10.0,1000.0,10.0,1.0
485,1.0,50.0,1000.0,10.0,1.0
486,10.0,50.0,1000.0,10.0,1.0
487,50.0,50.0,1000.0,10.0,1.0
488,100.0,50.0,1000.0,10.0,1.0
489,1000.0,50.0,1000.0,10.0,1.0
490,1.0,100.0,1000.0,10.0,1.0
491,10.0,100.0,1000.0,10.0,1.0
492,50.0,100.0,1000.0,10.0,1.0
493,100.0,100.0,1000.0,10.0,1.0
494,1000.0,100.0,1000.0,10.0,1.0
495,1.0,1000.0,1000.0,10.0,1.0
496,10.0,1000.0,1000.0,10.0,1.0
497,50.0,1000.0,1000.0,10.0,1.0
498,100.0,1000.0,1000.0,10.0,1.0
499,1000.0,1000.0,1000.0,10.0,1.0
500,1.0,1.0,1.0,20.0,1.0
501,10.0,1.0,1.0,20.0,1.0
502,50.0,1.0,1.0,20.0,1.0
503,100.0,1.0,1.0,20.0,1.0
504,1000.0,1.0,1.0,20.0,1.0
505,1.0,10.0,1.0,20.0,1.0
506,10.0,10.0,1.0,20.0,1.0
507,50.0,10.0,1.0,20.0,1.0
508,100.0,10.0,1.0,20.0,1.0
509,1000.0,10.0,1.0,20.0,1.0
510,1.0,50.0,1.0,20.0,1.0
511,10.0,50.0,1.0,20.0,1.0
512,50.0,50.0,1.0,20.0,1.0
513,100.0,50.0,1.0,20.0,1.0
514,1000.0,50.0,1.0,20.0,1.0
515,1.0,100.0,1.0,20.0,1.0
516,10.0,100.0,1.0,20.0,1.0
517,50.0,100.0,1.0,20.0,1.0
518,100.0,100.0,1.0,20.0,1.0
519,1000.0,100.0,1.0,20.0,1.0
520,1.0,1000.0,1.0,20.0,1.0
521,10.0,1000.0,1.0,20.0,1.0
522,50.0,1000.0,1.0,20.0,1.0
523,100.0,1000.0,1.0,20.0,1.0
524,1000.0,1000.0,1.0,20.0,1.0
525,1.0,1.0,10.0,20.0,1.0
526,10.0,1.0,10.0,20.0,1.0
527,50.0,1.0,10.0,20.0,1.0
528,100.0,1.0,10.0,20.0,1.0
529,1000.0,1.0,10.0,20.0,1.0
530,1.0,10.0,10.0,20.0,1.0
531,10.0,10.0,10.0,20.0,1.0
532,50.0,10.0,10.0,20.0,1.0
533,100.0,10.0,10.0,20.0,1.0
534,1000.0,10.0,10.0,20.0,1.0
535,1.0,50.0,10.0,20.0,1.0
536,10.0,50.0,10.0,20.0,1.0
537,50.0,50.0,10.0,20.0,1.0
538,100.0,50.0,10.0,20.0,1.0
539,1000.0,50.0,10.0,20.0,1.0
540,1.0,100.0,10.0,20.0,1.0
541,10.0,100.0,10.0,20.0,1.0
542,50.0,100.0,10.0,20.0,1.0
543,100.0,100.0,10.0,20.0,1.0
544,1000.0,100.0,10.0,20.0,1.0
545,1.0,1000.0,10.0,20.0,1.0
546,10.0,1000.0,10.0,20.0,1.0
547,50.0,1000.0,10.0,20.0,1.0
548,100.0,1000.0,10.0,20.0,1.0
549,1000.0,1000.0,10.0,20.0,1.0
550,1.0,1.0,50.0,20.0,1.0
551,10.0,1.0,50.0,20.0,1.0
552,50.0,1.0,50.0,20.0,1.0
553,100.0,1.0,50.0,20.0,1.0
554,1000.0,1.0,50.0,20.0,1.0
555,1.0,10.0,50.0,20.0,1.0
556,10.0,10.0,50.0,20.0,1.0
557,50.0,10.0,50.0,20.0,1.0
558,100.0,10.0,50.0,20.0,1.0
559,1000.0,10.0,50.0,20.0,1.0
560,1.0,50.0,50.0,20.0,1.0
561,10.0,50.0,50.0,20.0,1.0
562,50.0,50.0,50.0,20.0,1.0
563,100.0,50.0,50.0,20.0,1.0
564,1000.0,50.0,50.0,20.0,1.0
565,1.0,100.0,50.0,20.0,1.0
566,10.0,100.0,50.0,20.0,1.0
567,50.0,100.0,50.0,20.0,1.0
568,100.0,100.0,50.0,20.0,1.0
569,1000.0,100.0,50.0,20.0,1.0
570,1.0,1000.0,50.0,20.0,1.0
571,10.0,1000.0,50.0,20.0,1.0
572,50.0,1000.0,50.0,20.0,1.0
573,100.0,1000.0,50.0,20.0,1.0
574,1000.0,1000.0,50.0,20.0,1.0
575,1.0,1.0,100.0,20.0,1.0
576,10.0,1.0,100.0,20.0,1.0
577,50.0,1.0,100.0,20.0,1.0
578,100.0,1.0,100.0,20.0,1.0
579,1000.0,1.0,100.0,20.0,1.0
580,1.0,10.0,100.0,20.0,1.0
581,10.0,10.0,100.0,20.0,1.0
582,50.0,10.0,100.0,20.0,1.0
583,100.0,10.0,100.0,20.0,1.0
584,1000.0,10.0,100.0,20.0,1.0
585,1.0,50.0,100.0,20.0,1.0
586,10.0,50.0,100.0,20.0,1.0
587,50.0,50.0,100.0,20.0,1.0
588,100.0,50.0,100.0,20.0,1.0
589,1000.0,50.0,100.0,20.0,1.0
590,1.0,100.0,100.0,20.0,1.0
591,10.0,100.0,100.0,20.0,1.0
592,50.0,100.0,100.0,20.0,1.0
593,100.0,100.0,100.0,20.0,1.0
594,1000.0,100.0,100.0,20.0,1.0
595,1.0,1000.0,100.0,20.0,1.0
596,10.0,1000.0,100.0,20.0,1.0
597,50.0,1000.0,100.0,20.0,1.0
598,100.0,1000.0,100.0,20.0,1.0
599,1000.0,1000.0,100.0,20.0,1.0
600,1.0,1.0,1000.0,20.0,1.0
601,10.0,1.0,1000.0,20.0,1.0
602,50.0,1.0,1000.0,20.0,1.0
603,100.0,1.0,1000.0,20.0,1.0
604,1000.0,1.0,1000.0,20.0,1.0
605,1.0,10.0,1000.0,20.0,1.0
606,10.0,10.0,1000.0,20.0,1.0
607,50.0,10.0,1000.0,20.0,1.0
608,100.0,10.0,1000.0,20.0,1.0
609,1000.0,10.0,1000.0,20.0,1.0
610,1.0,50.0,1000.0,20.0,1.0
611,10.0,50.0,1000.0,20.0,1.0
612,50.0,50.0,1000.0,20.0,1.0
613,100.0,50.0,1000.0,20.0,1.0
614,1000.0,50.0,1000.0,20.0,1.0
615,1.0,100.0,1000.0,20.0,1.0
616,10.0,100.0,1000.0,20.0,1.0
617,50.0,100.0,1000.0,20.0,1.0
618,100.0,100.0,1000.0,20.0,1.0
619,1000.0,100.0,1000.0,20.0,1.0
620,1.0,1000.0,1000.0,20.0,1.0
621,10.0,1000.0,1000.0,20.0,1.0
622,50.0,1000.0,1000.0,20.0,1.0
623,100.0,1000.0,1000.0,20.0,1.0
624,1000.0,1000.0,1000.0,20.0,1.0
625,1.0,1.0,1.0,1.0,2.0
626,10.0,1.0,1.0,1.0,2.0
627,50.0,1.0,1.0,1.0,2.0
628,100.0,1.0,1.0,1.0,2.0
629,1000.0,1.0,1.0,1.0,2.0
630,1.0,10.0,1.0,1.0,2.0
631,10.0,10.0,1.0,1.0,2.0
632,50.0,10.0,1.0,1.0,2.0
633,100.0,10.0,1.0,1.0,2.0
634,1000.0,10.0,1.0,1.0,2.0
635,1.0,50.0,1.0,1.0,2.0
636,10.0,50.0,1.0,1.0,2.0
637,50.0,50.0,1.0,1.0,2.0
638,100.0,50.0,1.0,1.0,2.0
639,1000.0,50.0,1.0,1.0,2.0
640,1.0,100.0,1.0,1.0,2.0
641,10.0,100.0,1.0,1.0,2.0
642,50.0,100.0,1.0,1.0,2.0
643,100.0,100.0,1.0,1.0,2.0
644,1000.0,100.0,1.0,1.0,2.0
645,1.0,1000.0,1.0,1.0,2.0
646,10.0,1000.0,1.0,1.0,2.0
647,50.0,1000.0,1.0,1.0,2.0
648,100.0,1000.0,1.0,1.0,2.0
649,1000.0,1000.0,1.0,1.0,2.0
650,1.0,1.0,10.0,1.0,2.0
651,10.0,1.0,10.0,1.0,2.0
652,50.0,1.0,10.0,1.0,2.0
653,100.0,1.0,10.0,1.0,2.0
654,1000.0,1.0,10.0,1.0,2.0
655,1.0,10.0,10.0,1.0,2.0
656,10.0,10.0,10.0,1.0,2.0
657,50.0,10.0,10.0,1.0,2.0
658,100.0,10.0,10.0,1.0,2.0
659,1000.0,10.0,10.0,1.0,2.0
660,1.0,50.0,10.0,1.0,2.0
661,10.0,50.0,10.0,1.0,2.0
662,50.0,50.0,10.0,1.0,2.0
663,100.0,50.0,10.0,1.0,2.0
664,1000.0,50.0,10.0,1.0,2.0
665,1.0,100.0,10.0,1.0,2.0
666,10.0,100.0,10.0,1.0,2.0
667,50.0,100.0,10.0,1.0,2.0
668,100.0,100.0,10.0,1.0,2.0
669,1000.0,100.0,10.0,1.0,2.0
670,1.0,1000.0,10.0,1.0,2.0
671,10.0,1000.0,10.0,1.0,2.0
672,50.0,1000.0,10.0,1.0,2.0
673,100.0,1000.0,10.0,1.0,2.0
674,1000.0,1000.0,10.0,1.0,2.0
675,1.0,1.0,50.0,1.0,2.0
676,10.0,1.0,50.0,1.0,2.0
677,50.0,1.0,50.0,1.0,2.0
678,100.0,1.0,50.0,1.0,2.0
679,1000.0,1.0,50.0,1.0,2.0
680,1.0,10.0,50.0,1.0,2.0
681,10.0,10.0,50.0,1.0,2.0
682,50.0,10.0,50.0,1.0,2.0
683,100.0,10.0,50.0,1.0,2.0
684,1000.0,10.0,50.0,1.0,2.0
685,1.0,50.0,50.0,1.0,2.0
686,10.0,50.0,50.0,1.0,2.0
687,50.0,50.0,50.0,1.0,2.0
688,100.0,50.0,50.0,1.0,2.0
689,1000.0,50.0,50.0,1.0,2.0
690,1.0,100.0,50.0,1.0,2.0
691,10.0,100.0,50.0,1.0,2.0
692,50.0,100.0,50.0,1.0,2.0
693,100.0,100.0,50.0,1.0,2.0
694,1000.0,100.0,50.0,1.0,2.0
695,1.0,1000.0,50.0,1.0,2.0
696,10.0,1000.0,50.0,1.0,2.0
697,50.0,1000.0,50.0,1.0,2.0
698,100.0,1000.0,50.0,1.0,2.0
699,1000.0,1000.0,50.0,1.0,2.0
700,1.0,1.0,100.0,1.0,2.0
701,10.0,1.0,100.0,1.0,2.0
702,50.0,1.0,100.0,1.0,2.0
703,100.0,1.0,100.0,1.0,2.0
704,1000.0,1.0,100.0,1.0,2.0
705,1.0,10.0,100.0,1.0,2.0
706,10.0,10.0,100.0,1.0,2.0
707,50.0,10.0,100.0,1.0,2.0
708,100.0,10.0,100.0,1.0,2.0
709,1000.0,10.0,100.0,1.0,2.0
710,1.0,50.0,100.0,1.0,2.0
711,10.0,50.0,100.0,1.0,2.0
712,50.0,50.0,100.0,1.0,2.0
713,100.0,50.0,100.0,1.0,2.0
714,1000.0,50.0,100.0,1.0,2.0
715,1.0,100.0,100.0,1.0,2.0
716,10.0,100.0,100.0,1.0,2.0
717,50.0,100.0,100.0,1.0,2.0
718,100.0,100.0,100.0,1.0,2.0
719,1000.0,100.0,100.0,1.0,2.0
720,1.0,1000.0,100.0,1.0,2.0
721,10.0,1000.0,100.0,1.0,2.0
722,50.0,1000.0,100.0,1.0,2.0
723,100.0,1000.0,100.0,1.0,2.0
724,1000.0,1000.0,100.0,1.0,2.0
725,1.0,1.0,1000.0,1.0,2.0
726,10.0,1.0,1000.0,1.0,2.0
727,50.0,1.0,1000.0,1.0,2.0
728,100.0,1.0,1000.0,1.0,2.0
729,1000.0,1.0,1000.0,1.0,2.0
730,1.0,10.0,1000.0,1.0,2.0
731,10.0,10.0,1000.0,1.0,2.0
732,50.0,10.0,1000.0,1.0,2.0
733,100.0,10.0,1000.0,1.0,2.0
734,1000.0,10.0,1000.0,1.0,2.0
735,1.0,50.0,1000.0,1.0,2.0
736,10.0,50.0,1000.0,1.0,2.0
737,50.0,50.0,1000.0,1.0,2.0
738,100.0,50.0,1000.0,1.0,2.0
739,1000.0,50.0,1000.0,1.0,2.0
740,1.0,100.0,1000.0,1.0,2.0
741,10.0,100.0,1000.0,1.0,2.0
742,50.0,100.0,1000.0,1.0,2.0
743,100.0,100.0,1000.0,1.0,2.0
744,1000.0,100.0,1000.0,1.0,2.0
745,1.0,1000.0,1000.0,1.0,2.0
746,10.0,1000.0,1000.0,1.0,2.0
747,50.0,1000.0,1000.0,1.0,2.0
748,100.0,1000.0,1000.0,1.0,2.0
749,1000.0,1000.0,1000.0,1.0,2.0
750,1.0,1.0,1.0,2.0,2.0
751,10.0,1.0,1.0,2.0,2.0
752,50.0,1.0,1.0,2.0,2.0
753,100.0,1.0,1.0,2.0,2.0
754,1000.0,1.0,1.0,2.0,2.0
755,1.0,10.0,1.0,2.0,2.0
756,10.0,10.0,1.0,2.0,2.0
757,50.0,10.0,1.0,2.0,2.0
758,100.0,10.0,1.0,2.0,2.0
759,1000.0,10.0,1.0,2.0,2.0
760,1.0,50.0,1.0,2.0,2.0
761,10.0,50.0,1.0,2.0,2.0
762,50.0,50.0,1.0,2.0,2.0
763,100.0,50.0,1.0,2.0,2.0
764,1000.0,50.0,1.0,2.0,2.0
765,1.0,100.0,1.0,2.0,2.0
766,10.0,100.0,1.0,2.0,2.0
767,50.0,100.0,1.0,2.0,2.0
768,100.0,100.0,1.0,2.0,2.0
769,1000.0,100.0,1.0,2.0,2.0
770,1.0,1000.0,1.0,2.0,2.0
771,10.0,1000.0,1.0,2.0,2.0
772,50.0,1000.0,1.0,2.0,2.0
773,100.0,1000.0,1.0,2.0,2.0
774,1000.0,1000.0,1.0,2.0,2.0
775,1.0,1.0,10.0,2.0,2.0
776,10.0,1.0,10.0,2.0,2.0
777,50.0,1.0,10.0,2.0,2.0
778,100.0,1.0,10.0,2.0,2.0
779,1000.0,1.0,10.0,2.0,2.0
780,1.0,10.0,10.0,2.0,2.0
781,10.0,10.0,10.0,2.0,2.0
782,50.0,10.0,10.0,2.0,2.0
783,100.0,10.0,10.0,2.0,2.0
784,1000.0,10.0,10.0,2.0,2.0
785,1.0,50.0,10.0,2.0,2.0
786,10.0,50.0,10.0,2.0,2.0
787,50.0,50.0,10.0,2.0,2.0
788,100.0,50.0,10.0,2.0,2.0
789,1000.0,50.0,10.0,2.0,2.0
790,1.0,100.0,10.0,2.0,2.0
791,10.0,100.0,10.0,2.0,2.0
792,50.0,100.0,10.0,2.0,2.0
793,100.0,100.0,10.0,2.0,2.0
794,1000.0,100.0,10.0,2.0,2.0
795,1.0,1000.0,10.0,2.0,2.0
796,10.0,1000.0,10.0,2.0,2.0
797,50.0,1000.0,10.0,2.0,2.0
798,100.0,1000.0,10.0,2.0,2.0
799,1000.0,1000.0,10.0,2.0,2.0
800,1.0,1.0,50.0,2.0,2.0
801,10.0,1.0,50.0,2.0,2.0
802,50.0,1.0,50.0,2.0,2.0
803,100.0,1.0,50.0,2.0,2.0
804,1000.0,1.0,50.0,2.0,2.0
805,1.0,10.0,50.0,2.0,2.0
806,10.0,10.0,50.0,2.0,2.0
807,50.0,10.0,50.0,2.0,2.0
808,100.0,10.0,50.0,2.0,2.0
809,1000.0,10.0,50.0,2.0,2.0
810,1.0,50.0,50.0,2.0,2.0
811,10.0,50.0,50.0,2.0,2.0
812,50.0,50.0,50.0,2.0,2.0
813,100.0,50.0,50.0,2.0,2.0
814,1000.0,50.0,50.0,2.0,2.0
815,1.0,100.0,50.0,2.0,2.0
816,10.0,100.0,50.0,2.0,2.0
817,50.0,100.0,50.0,2.0,2.0
818,100.0,100.0,50.0,2.0,2.0
819,1000.0,100.0,50.0,2.0,2.0
820,1.0,1000.0,50.0,2.0,2.0
821,10.0,1000.0,50.0,2.0,2.0
822,50.0,1000.0,50.0,2.0,2.0
823,100.0,1000.0,50.0,2.0,2.0
824,1000.0,1000.0,50.0,2.0,2.0
825,1.0,1.0,100.0,2.0,2.0
826,10.0,1.0,100.0,2.0,2.0
827,50.0,1.0,100.0,2.0,2.0
828,100.0,1.0,100.0,2.0,2.0
829,1000.0,1.0,100.0,2.0,2.0
830,1.0,10.0,100.0,2.0,2.0
831,10.0,10.0,100.0,2.0,2.0
832,50.0,10.0,100.0,2.0,2.0
833,100.0,10.0,100.0,2.0,2.0
834,1000.0,10.0,100.0,2.0,2.0
835,1.0,50.0,100.0,2.0,2.0
836,10.0,50.0,100.0,2.0,2.0
837,50.0,50.0,100.0,2.0,2.0
838,100.0,50.0,100.0,2.0,2.0
839,1000.0,50.0,100.0,2.0,2.0
840,1.0,100.0,100.0,2.0,2.0
841,10.0,100.0,100.0,2.0,2.0
842,50.0,100.0,100.0,2.0,2.0
843,100.0,100.0,100.0,2.0,2.0
844,1000.0,100.0,100.0,2.0,2.0
845,1.0,1000.0,100.0,2.0,2.0
846,10.0,1000.0,100.0,2.0,2.0
847,50.0,1000.0,100.0,2.0,2.0
848,100.0,1000.0,100.0,2.0,2.0
849,1000.0,1000.0,100.0,2.0,2.0
850,1.0,1.0,1000.0,2.0,2.0
851,10.0,1.0,1000.0,2.0,2.0
852,50.0,1.0,1000.0,2.0,2.0
853,100.0,1.0,1000.0,2.0,2.0
854,1000.0,1.0,1000.0,2.0,2.0
855,1.0,10.0,1000.0,2.0,2.0
856,10.0,10.0,1000.0,2.0,2.0
857,50.0,10.0,1000.0,2.0,2.0
858,100.0,10.0,1000.0,2.0,2.0
859,1000.0,10.0,1000.0,2.0,2.0
860,1.0,50.0,1000.0,2.0,2.0
861,10.0,50.0,1000.0,2.0,2.0
862,50.0,50.0,1000.0,2.0,2.0
863,100.0,50.0,1000.0,2.0,2.0
864,1000.0,50.0,1000.0,2.0,2.0
865,1.0,100.0,1000.0,2.0,2.0
866,10.0,100.0,1000.0,2.0,2.0
867,50.0,100.0,1000.0,2.0,2.0
868,100.0,100.0,1000.0,2.0,2.0
869,1000.0,100.0,1000.0,2.0,2.0
870,1.0,1000.0,1000.0,2.0,2.0
871,10.0,1000.0,1000.0,2.0,2.0
872,50.0,1000.0,1000.0,2.0,2.0
873,100.0,1000.0,1000.0,2.0,2.0
874,1000.0,1000.0,1000.0,2.0,2.0
875,1.0,1.0,1.0,5.0,2.0
876,10.0,1.0,1.0,5.0,2.0
877,50.0,1.0,1.0,5.0,2.0
878,100.0,1.0,1.0,5.0,2.0
879,1000.0,1.0,1.0,5.0,2.0
880,1.0,10.0,1.0,5.0,2.0
881,10.0,10.0,1.0,5.0,2.0
882,50.0,10.0,1.0,5.0,2.0
883,100.0,10.0,1.0,5.0,2.0
884,1000.0,10.0,1.0,5.0,2.0
885,1.0,50.0,1.0,5.0,2.0
886,10.0,50.0,1.0,5.0,2.0
887,50.0,50.0,1.0,5.0,2.0
888,100.0,50.0,1.0,5.0,2.0
889,1000.0,50.0,1.0,5.0,2.0
890,1.0,100.0,1.0,5.0,2.0
891,10.0,100.0,1.0,5.0,2.0
892,50.0,100.0,1.0,5.0,2.0
893,100.0,100.0,1.0,5.0,2.0
894,1000.0,100.0,1.0,5.0,2.0
895,1.0,1000.0,1.0,5.0,2.0
896,10.0,1000.0,1.0,5.0,2.0
897,50.0,1000.0,1.0,5.0,2.0
898,100.0,1000.0,1.0,5.0,2.0
899,1000.0,1000.0,1.0,5.0,2.0
900,1.0,1.0,10.0,5.0,2.0
901,10.0,1.0,10.0,5.0,2.0
902,50.0,1.0,10.0,5.0,2.0
903,100.0,1.0,10.0,5.0,2.0
904,1000.0,1.0,10.0,5.0,2.0
905,1.0,10.0,10.0,5.0,2.0
906,10.0,10.0,10.0,5.0,2.0
907,50.0,10.0,10.0,5.0,2.0
908,100.0,10.0,10.0,5.0,2.0
909,1000.0,10.0,10.0,5.0,2.0
910,1.0,50.0,10.0,5.0,2.0
911,10.0,50.0,10.0,5.0,2.0
912,50.0,50.0,10.0,5.0,2.0
913,100.0,50.0,10.0,5.0,2.0
914,1000.0,50.0,10.0,5.0,2.0
915,1.0,100.0,10.0,5.0,2.0
916,10.0,100.0,10.0,5.0,2.0
917,50.0,100.0,10.0,5.0,2.0
918,100.0,100.0,10.0,5.0,2.0
919,1000.0,100.0,10.0,5.0,2.0
920,1.0,1000.0,10.0,5.0,2.0
921,10.0,1000.0,10.0,5.0,2.0
922,50.0,1000.0,10.0,5.0,2.0
923,100.0,1000.0,10.0,5.0,2.0
924,1000.0,1000.0,10.0,5.0,2.0
925,1.0,1.0,50.0,5.0,2.0
926,10.0,1.0,50.0,5.0,2.0
927,50.0,1.0,50.0,5.0,2.0
928,100.0,1.0,50.0,5.0,2.0
929,1000.0,1.0,50.0,5.0,2.0
930,1.0,10.0,50.0,5.0,2.0
931,10.0,10.0,50.0,5.0,2.0
932,50.0,10.0,50.0,5.0,2.0
933,100.0,10.0,50.0,5.0,2.0
934,1000.0,10.0,50.0,5.0,2.0
935,1.0,50.0,50.0,5.0,2.0
936,10.0,50.0,50.0,5.0,2.0
937,50.0,50.0,50.0,5.0,2.0
938,100.0,50.0,50.0,5.0,2.0
939,1000.0,50.0,50.0,5.0,2.0
940,1.0,100.0,50.0,5.0,2.0
941,10.0,100.0,50.0,5.0,2.0
942,50.0,100.0,50.0,5.0,2.0
943,100.0,100.0,50.0,5.0,2.0
944,1000.0,100.0,50.0,5.0,2.0
945,1.0,1000.0,50.0,5.0,2.0
946,10.0,1000.0,50.0,5.0,2.0
947,50.0,1000.0,50.0,5.0,2.0
948,100.0,1000.0,50.0,5.0,2.0
949,1000.0,1000.0,50.0,5.0,2.0
950,1.0,1.0,100.0,5.0,2.0
951,10.0,1.0,100.0,5.0,2.0
952,50.0,1.0,100.0,5.0,2.0
953,100.0,1.0,100.0,5.0,2.0
954,1000.0,1.0,100.0,5.0,2.0
955,1.0,10.0,100.0,5.0,2.0
956,10.0,10.0,100.0,5.0,2.0
957,50.0,10.0,100.0,5.0,2.0
958,100.0,10.0,100.0,5.0,2.0
959,1000.0,10.0,100.0,5.0,2.0
960,1.0,50.0,100.0,5.0,2.0
961,10.0,50.0,100.0,5.0,2.0
962,50.0,50.0,100.0,5.0,2.0
963,100.0,50.0,100.0,5.0,2.0
964,1000.0,50.0,100.0,5.0,2.0
965,1.0,100.0,100.0,5.0,2.0
966,10.0,100.0,100.0,5.0,2.0
967,50.0,100.0,100.0,5.0,2.0
968,100.0,100.0,100.0,5.0,2.0
969,1000.0,100.0,100.0,5.0,2.0
970,1.0,1000.0,100.0,5.0,2.0
971,10.0,1000.0,100.0,5.0,2.0
972,50.0,1000.0,100.0,5.0,2.0
973,100.0,1000.0,100.0,5.0,2.0
974,1000.0,1000.0,100.0,5.0,2.0
975,1.0,1.0,1000.0,5.0,2.0
976,10.0,1.0,1000.0,5.0,2.0
977,50.0,1.0,1000.0,5.0,2.0
978,100.0,1.0,1000.0,5.0,2.0
979,1000.0,1.0,1000.0,5.0,2.0
980,1.0,10.0,1000.0,5.0,2.0
981,10.0,10.0,1000.0,5.0,2.0
982,50.0,10.0,1000.0,5.0,2.0
983,100.0,10.0,1000.0,5.0,2.0
984,1000.0,10.0,1000.0,5.0,2.0
985,1.0,50.0,1000.0,5.0,2.0
986,10.0,50.0,1000.0,5.0,2.0
987,50.0,50.0,1000.0,5.0,2.0
988,100.0,50.0,1000.0,5.0,2.0
989,1000.0,50.0,1000.0,5.0,2.0
990,1.0,100.0,1000.0,5.0,2.0
991,10.0,100.0,1000.0,5.0,2.0
992,50.0,100.0,1000.0,5.0,2.0
993,100.0,100.0,1000.0,5.0,2.0
994,1000.0,100.0,1000.0,5.0,2.0
995,1.0,1000.0,1000.0,5.0,2.0
996,10.0,1000.0,1000.0,5.0,2.0
997,50.0,1000.0,1000.0,5.0,2.0
998,100.0,1000.0,1000.0,5.0,2.0
999,1000.0,1000.0,1000.0,5.0,2.0
1000,1.0,1.0,1.0,10.0,2.0
1001,10.0,1.0,1.0,10.0,2.0
1002,50.0,1.0,1.0,10.0,2.0
1003,100.0,1.0,1.0,10.0,2.0
1004,1000.0,1.0,1.0,10.0,2.0
1005,1.0,10.0,1.0,10.0,2.0
1006,10.0,10.0,1.0,10.0,2.0
1007,50.0,10.0,1.0,10.0,2.0
1008,100.0,10.0,1.0,10.0,2.0
1009,1000.0,10.0,1.0,10.0,2.0
1010,1.0,50.0,1.0,10.0,2.0
1011,10.0,50.0,1.0,10.0,2.0
1012,50.0,50.0,1.0,10.0,2.0
1013,100.0,50.0,1.0,10.0,2.0
1014,1000.0,50.0,1.0,10.0,2.0
1015,1.0,100.0,1.0,10.0,2.0
1016,10.0,100.0,1.0,10.0,2.0
1017,50.0,100.0,1.0,10.0,2.0
1018,100.0,100.0,1.0,10.0,2.0
1019,1000.0,100.0,1.0,10.0,2.0
1020,1.0,1000.0,1.0,10.0,2.0
1021,10.0,1000.0,1.0,10.0,2.0
1022,50.0,1000.0,1.0,10.0,2.0
1023,100.0,1000.0,1.0,10.0,2.0
1024,1000.0,1000.0,1.0,10.0,2.0
1025,1.0,1.0,10.0,10.0,2.0
1026,10.0,1.0,10.0,10.0,2.0
1027,50.0,1.0,10.0,10.0,2.0
1028,100.0,1.0,10.0,10.0,2.0
1029,1000.0,1.0,10.0,10.0,2.0
1030,1.0,10.0,10.0,10.0,2.0
1031,10.0,10.0,10.0,10.0,2.0
1032,50.0,10.0,10.0,10.0,2.0
1033,100.0,10.0,10.0,10.0,2.0
1034,1000.0,10.0,10.0,10.0,2.0
1035,1.0,50.0,10.0,10.0,2.0
1036,10.0,50.0,10.0,10.0,2.0
1037,50.0,50.0,10.0,10.0,2.0
1038,100.0,50.0,10.0,10.0,2.0
1039,1000.0,50.0,10.0,10.0,2.0
1040,1.0,100.0,10.0,10.0,2.0
1041,10.0,100.0,10.0,10.0,2.0
1042,50.0,100.0,10.0,10.0,2.0
1043,100.0,100.0,10.0,10.0,2.0
1044,1000.0,100.0,10.0,10.0,2.0
1045,1.0,1000.0,10.0,10.0,2.0
1046,10.0,1000.0,10.0,10.0,2.0
1047,50.0,1000.0,10.0,10.0,2.0
1048,100.0,1000.0,10.0,10.0,2.0
1049,1000.0,1000.0,10.0,10.0,2.0
1050,1.0,1.0,50.0,10.0,2.0
1051,10.0,1.0,50.0,10.0,2.0
1052,50.0,1.0,50.0,10.0,2.0
1053,100.0,1.0,50.0,10.0,2.0
1054,1000.0,1.0,50.0,10.0,2.0
1055,1.0,10.0,50.0,10.0,2.0
1056,10.0,10.0,50.0,10.0,2.0
1057,50.0,10.0,50.0,10.0,2.0
1058,100.0,10.0,50.0,10.0,2.0
1059,1000.0,10.0,50.0,10.0,2.0
1060,1.0,50.0,50.0,10.0,2.0
1061,10.0,50.0,50.0,10.0,2.0
1062,50.0,50.0,50.0,10.0,2.0
1063,100.0,50.0,50.0,10.0,2.0
1064,1000.0,50.0,50.0,10.0,2.0
1065,1.0,100.0,50.0,10.0,2.0
1066,10.0,100.0,50.0,10.0,2.0
1067,50.0,100.0,50.0,10.0,2.0
1068,100.0,100.0,50.0,10.0,2.0
1069,1000.0,100.0,50.0,10.0,2.0
1070,1.0,1000.0,50.0,10.0,2.0
1071,10.0,1000.0,50.0,10.0,2.0
1072,50.0,1000.0,50.0,10.0,2.0
1073,100.0,1000.0,50.0,10.0,2.0
1074,1000.0,1000.0,50.0,10.0,2.0
1075,1.0,1.0,100.0,10.0,2.0
1076,10.0,1.0,100.0,10.0,2.0
1077,50.0,1.0,100.0,10.0,2.0
1078,100.0,1.0,100.0,10.0,2.0
1079,1000.0,1.0,100.0,10.0,2.0
1080,1.0,10.0,100.0,10.0,2.0
1081,10.0,10.0,100.0,10.0,2.0
1082,50.0,10.0,100.0,10.0,2.0
1083,100.0,10.0,100.0,10.0,2.0
1084,1000.0,10.0,100.0,10.0,2.0
1085,1.0,50.0,100.0,10.0,2.0
1086,10.0,50.0,100.0,10.0,2.0
1087,50.0,50.0,100.0,10.0,2.0
1088,100.0,50.0,100.0,10.0,2.0
1089,1000.0,50.0,100.0,10.0,2.0
1090,1.0,100.0,100.0,10.0,2.0
1091,10.0,100.0,100.0,10.0,2.0
1092,50.0,100.0,100.0,10.0,2.0
1093,100.0,100.0,100.0,10.0,2.0
1094,1000.0,100.0,100.0,10.0,2.0
1095,1.0,1000.0,100.0,10.0,2.0
1096,10.0,1000.0,100.0,10.0,2.0
1097,50.0,1000.0,100.0,10.0,2.0
1098,100.0,1000.0,100.0,10.0,2.0
1099,1000.0,1000.0,100.0,10.0,2.0
1100,1.0,1.0,1000.0,10.0,2.0
1101,10.0,1.0,1000.0,10.0,2.0
1102,50.0,1.0,1000.0,10.0,2.0
1103,100.0,1.0,1000.0,10.0,2.0
1104,1000.0,1.0,1000.0,10.0,2.0
1105,1.0,10.0,1000.0,10.0,2.0
1106,10.0,10.0,1000.0,10.0,2.0
1107,50.0,10.0,1000.0,10.0,2.0
1108,100.0,10.0,1000.0,10.0,2.0
1109,1000.0,10.0,1000.0,10.0,2.0
1110,1.0,50.0,1000.0,10.0,2.0
1111,10.0,50.0,1000.0,10.0,2.0
1112,50.0,50.0,1000.0,10.0,2.0
1113,100.0,50.0,1000.0,10.0,2.0
1114,1000.0,50.0,1000.0,10.0,2.0
1115,1.0,100.0,1000.0,10.0,2.0
1116,10.0,100.0,1000.0,10.0,2.0
1117,50.0,100.0,1000.0,10.0,2.0
1118,100.0,100.0,1000.0,10.0,2.0
1119,1000.0,100.0,1000.0,10.0,2.0
1120,1.0,1000.0,1000.0,10.0,2.0
1121,10.0,1000.0,1000.0,10.0,2.0
1122,50.0,1000.0,1000.0,10.0,2.0
1123,100.0,1000.0,1000.0,10.0,2.0
1124,1000.0,1000.0,1000.0,10.0,2.0
1125,1.0,1.0,1.0,20.0,2.0
1126,10.0,1.0,1.0,20.0,2.0
1127,50.0,1.0,1.0,20.0,2.0
1128,100.0,1.0,1.0,20.0,2.0
1129,1000.0,1.0,1.0,20.0,2.0
1130,1.0,10.0,1.0,20.0,2.0
1131,10.0,10.0,1.0,20.0,2.0
1132,50.0,10.0,1.0,20.0,2.0
1133,100.0,10.0,1.0,20.0,2.0
1134,1000.0,10.0,1.0,20.0,2.0
1135,1.0,50.0,1.0,20.0,2.0
1136,10.0,50.0,1.0,20.0,2.0
1137,50.0,50.0,1.0,20.0,2.0
1138,100.0,50.0,1.0,20.0,2.0
1139,1000.0,50.0,1.0,20.0,2.0
1140,1.0,100.0,1.0,20.0,2.0
1141,10.0,100.0,1.0,20.0,2.0
1142,50.0,100.0,1.0,20.0,2.0
1143,100.0,100.0,1.0,20.0,2.0
1144,1000.0,100.0,1.0,20.0,2.0
1145,1.0,1000.0,1.0,20.0,2.0
1146,10.0,1000.0,1.0,20.0,2.0
1147,50.0,1000.0,1.0,20.0,2.0
1148,100.0,1000.0,1.0,20.0,2.0
1149,1000.0,1000.0,1.0,20.0,2.0
1150,1.0,1.0,10.0,20.0,2.0
1151,10.0,1.0,10.0,20.0,2.0
1152,50.0,1.0,10.0,20.0,2.0
1153,100.0,1.0,10.0,20.0,2.0
1154,1000.0,1.0,10.0,20.0,2.0
1155,1.0,10.0,10.0,20.0,2.0
1156,10.0,10.0,10.0,20.0,2.0
1157,50.0,10.0,10.0,20.0,2.0
1158,100.0,10.0,10.0,20.0,2.0
1159,1000.0,10.0,10.0,20.0,2.0
1160,1.0,50.0,10.0,20.0,2.0
1161,10.0,50.0,10.0,20.0,2.0
1162,50.0,50.0,10.0,20.0,2.0
1163,100.0,50.0,10.0,20.0,2.0
1164,1000.0,50.0,10.0,20.0,2.0
1165,1.0,100.0,10.0,20.0,2.0
1166,10.0,100.0,10.0,20.0,2.0
1167,50.0,100.0,10.0,20.0,2.0
1168,100.0,100.0,10.0,20.0,2.0
1169,1000.0,100.0,10.0,20.0,2.0
1170,1.0,1000.0,10.0,20.0,2.0
1171,10.0,1000.0,10.0,20.0,2.0
1172,50.0,1000.0,10.0,20.0,2.0
1173,100.0,1000.0,10.0,20.0,2.0
1174,1000.0,1000.0,10.0,20.0,2.0
1175,1.0,1.0,50.0,20.0,2.0
1176,10.0,1.0,50.0,20.0,2.0
1177,50.0,1.0,50.0,20.0,2.0
1178,100.0,1.0,50.0,20.0,2.0
1179,1000.0,1.0,50.0,20.0,2.0
1180,1.0,10.0,50.0,20.0,2.0
1181,10.0,10.0,50.0,20.0,2.0
1182,50.0,10.0,50.0,20.0,2.0
1183,100.0,10.0,50.0,20.0,2.0
1184,1000.0,10.0,50.0,20.0,2.0
1185,1.0,50.0,50.0,20.0,2.0
1186,10.0,50.0,50.0,20.0,2.0
1187,50.0,50.0,50.0,20.0,2.0
1188,100.0,50.0,50.0,20.0,2.0
1189,1000.0,50.0,50.0,20.0,2.0
1190,1.0,100.0,50.0,20.0,2.0
1191,10.0,100.0,50.0,20.0,2.0
1192,50.0,100.0,50.0,20.0,2.0
1193,100.0,100.0,50.0,20.0,2.0
1194,1000.0,100.0,50.0,20.0,2.0
1195,1.0,1000.0,50.0,20.0,2.0
1196,10.0,1000.0,50.0,20.0,2.0
1197,50.0,1000.0,50.0,20.0,2.0
1198,100.0,1000.0,50.0,20.0,2.0
1199,1000.0,1000.0,50.0,20.0,2.0
1200,1.0,1.0,100.0,20.0,2.0
1201,10.0,1.0,100.0,20.0,2.0
1202,50.0,1.0,100.0,20.0,2.0
1203,100.0,1.0,100.0,20.0,2.0
1204,1000.0,1.0,100.0,20.0,2.0
1205,1.0,10.0,100.0,20.0,2.0
1206,10.0,10.0,100.0,20.0,2.0
1207,50.0,10.0,100.0,20.0,2.0
1208,100.0,10.0,100.0,20.0,2.0
1209,1000.0,10.0,100.0,20.0,2.0
1210,1.0,50.0,100.0,20.0,2.0
1211,10.0,50.0,100.0,20.0,2.0
1212,50.0,50.0,100.0,20.0,2.0
1213,100.0,50.0,100.0,20.0,2.0
1214,1000.0,50.0,100.0,20.0,2.0
1215,1.0,100.0,100.0,20.0,2.0
1216,10.0,100.0,100.0,20.0,2.0
1217,50.0,100.0,100.0,20.0,2.0
1218,100.0,100.0,100.0,20.0,2.0
1219,1000.0,100.0,100.0,20.0,2.0
1220,1.0,1000.0,100.0,20.0,2.0
1221,10.0,1000.0,100.0,20.0,2.0
1222,50.0,1000.0,100.0,20.0,2.0
1223,100.0,1000.0,100.0,20.0,2.0
1224,1000.0,1000.0,100.0,20.0,2.0
1225,1.0,1.0,1000.0,20.0,2.0
1226,10.0,1.0,1000.0,20.0,2.0
1227,50.0,1.0,1000.0,20.0,2.0
1228,100.0,1.0,1000.0,20.0,2.0
1229,1000.0,1.0,1000.0,20.0,2.0
1230,1.0,10.0,1000.0,20.0,2.0
1231,10.0,10.0,1000.0,20.0,2.0
1232,50.0,10.0,1000.0,20.0,2.0
1233,100.0,10.0,1000.0,20.0,2.0
1234,1000.0,10.0,1000.0,20.0,2.0
1235,1.0,50.0,1000.0,20.0,2.0
1236,10.0,50.0,1000.0,20.0,2.0
1237,50.0,50.0,1000.0,20.0,2.0
1238,100.0,50.0,1000.0,20.0,2.0
1239,1000.0,50.0,1000.0,20.0,2.0
1240,1.0,100.0,1000.0,20.0,2.0
1241,10.0,100.0,1000.0,20.0,2.0
1242,50.0,100.0,1000.0,20.0,2.0
1243,100.0,100.0,1000.0,20.0,2.0
1244,1000.0,100.0,1000.0,20.0,2.0
1245,1.0,1000.0,1000.0,20.0,2.0
1246,10.0,1000.0,1000.0,20.0,2.0
1247,50.0,1000.0,1000.0,20.0,2.0
1248,100.0,1000.0,1000.0,20.0,2.0
1249,1000.0,1000.0,1000.0,20.0,2.0
1250,1.0,1.0,1.0,1.0,5.0
1251,10.0,1.0,1.0,1.0,5.0
1252,50.0,1.0,1.0,1.0,5.0
1253,100.0,1.0,1.0,1.0,5.0
1254,1000.0,1.0,1.0,1.0,5.0
1255,1.0,10.0,1.0,1.0,5.0
1256,10.0,10.0,1.0,1.0,5.0
1257,50.0,10.0,1.0,1.0,5.0
1258,100.0,10.0,1.0,1.0,5.0
1259,1000.0,10.0,1.0,1.0,5.0
1260,1.0,50.0,1.0,1.0,5.0
1261,10.0,50.0,1.0,1.0,5.0
1262,50.0,50.0,1.0,1.0,5.0
1263,100.0,50.0,1.0,1.0,5.0
1264,1000.0,50.0,1.0,1.0,5.0
1265,1.0,100.0,1.0,1.0,5.0
1266,10.0,100.0,1.0,1.0,5.0
1267,50.0,100.0,1.0,1.0,5.0
1268,100.0,100.0,1.0,1.0,5.0
1269,1000.0,100.0,1.0,1.0,5.0
1270,1.0,1000.0,1.0,1.0,5.0
1271,10.0,1000.0,1.0,1.0,5.0
1272,50.0,1000.0,1.0,1.0,5.0
1273,100.0,1000.0,1.0,1.0,5.0
1274,1000.0,1000.0,1.0,1.0,5.0
1275,1.0,1.0,10.0,1.0,5.0
1276,10.0,1.0,10.0,1.0,5.0
1277,50.0,1.0,10.0,1.0,5.0
1278,100.0,1.0,10.0,1.0,5.0
1279,1000.0,1.0,10.0,1.0,5.0
1280,1.0,10.0,10.0,1.0,5.0
1281,10.0,10.0,10.0,1.0,5.0
1282,50.0,10.0,10.0,1.0,5.0
1283,100.0,10.0,10.0,1.0,5.0
1284,1000.0,10.0,10.0,1.0,5.0
1285,1.0,50.0,10.0,1.0,5.0
1286,10.0,50.0,10.0,1.0,5.0
1287,50.0,50.0,10.0,1.0,5.0
1288,100.0,50.0,10.0,1.0,5.0
1289,1000.0,50.0,10.0,1.0,5.0
1290,1.0,100.0,10.0,1.0,5.0
1291,10.0,100.0,10.0,1.0,5.0
1292,50.0,100.0,10.0,1.0,5.0
1293,100.0,100.0,10.0,1.0,5.0
1294,1000.0,100.0,10.0,1.0,5.0
1295,1.0,1000.0,10.0,1.0,5.0
1296,10.0,1000.0,10.0,1.0,5.0
1297,50.0,1000.0,10.0,1.0,5.0
1298,100.0,1000.0,10.0,1.0,5.0
1299,1000.0,1000.0,10.0,1.0,5.0
1300,1.0,1.0,50.0,1.0,5.0
1301,10.0,1.0,50.0,1.0,5.0
1302,50.0,1.0,50.0,1.0,5.0
1303,100.0,1.0,50.0,1.0,5.0
1304,1000.0,1.0,50.0,1.0,5.0
1305,1.0,10.0,50.0,1.0,5.0
1306,10.0,10.0,50.0,1.0,5.0
1307,50.0,10.0,50.0,1.0,5.0
1308,100.0,10.0,50.0,1.0,5.0
1309,1000.0,10.0,50.0,1.0,5.0
1310,1.0,50.0,50.0,1.0,5.0
1311,10.0,50.0,50.0,1.0,5.0
1312,50.0,50.0,50.0,1.0,5.0
1313,100.0,50.0,50.0,1.0,5.0
1314,1000.0,50.0,50.0,1.0,5.0
1315,1.0,100.0,50.0,1.0,5.0
1316,10.0,100.0,50.0,1.0,5.0
1317,50.0,100.0,50.0,1.0,5.0
1318,100.0,100.0,50.0,1.0,5.0
1319,1000.0,100.0,50.0,1.0,5.0
1320,1.0,1000.0,50.0,1.0,5.0
1321,10.0,1000.0,50.0,1.0,5.0
1322,50.0,1000.0,50.0,1.0,5.0
1323,100.0,1000.0,50.0,1.0,5.0
1324,1000.0,1000.0,50.0,1.0,5.0
1325,1.0,1.0,100.0,1.0,5.0
1326,10.0,1.0,100.0,1.0,5.0
1327,50.0,1.0,100.0,1.0,5.0
1328,100.0,1.0,100.0,1.0,5.0
1329,1000.0,1.0,100.0,1.0,5.0
1330,1.0,10.0,100.0,1.0,5.0
1331,10.0,10.0,100.0,1.0,5.0
1332,50.0,10.0,100.0,1.0,5.0
1333,100.0,10.0,100.0,1.0,5.0
1334,1000.0,10.0,100.0,1.0,5.0
1335,1.0,50.0,100.0,1.0,5.0
1336,10.0,50.0,100.0,1.0,5.0
1337,50.0,50.0,100.0,1.0,5.0
1338,100.0,50.0,100.0,1.0,5.0
1339,1000.0,50.0,100.0,1.0,5.0
1340,1.0,100.0,100.0,1.0,5.0
1341,10.0,100.0,100.0,1.0,5.0
1342,50.0,100.0,100.0,1.0,5.0
1343,100.0,100.0,100.0,1.0,5.0
1344,1000.0,100.0,100.0,1.0,5.0
1345,1.0,1000.0,100.0,1.0,5.0
1346,10.0,1000.0,100.0,1.0,5.0
1347,50.0,1000.0,100.0,1.0,5.0
1348,100.0,1000.0,100.0,1.0,5.0
1349,1000.0,1000.0,100.0,1.0,5.0
1350,1.0,1.0,1000.0,1.0,5.0
1351,10.0,1.0,1000.0,1.0,5.0
1352,50.0,1.0,1000.0,1.0,5.0
1353,100.0,1.0,1000.0,1.0,5.0
1354,1000.0,1.0,1000.0,1.0,5.0
1355,1.0,10.0,1000.0,1.0,5.0
1356,10.0,10.0,1000.0,1.0,5.0
1357,50.0,10.0,1000.0,1.0,5.0
1358,100.0,10.0,1000.0,1.0,5.0
1359,1000.0,10.0,1000.0,1.0,5.0
1360,1.0,50.0,1000.0,1.0,5.0
1361,10.0,50.0,1000.0,1.0,5.0
1362,50.0,50.0,1000.0,1.0,5.0
1363,100.0,50.0,1000.0,1.0,5.0
1364,1000.0,50.0,1000.0,1.0,5.0
1365,1.0,100.0,1000.0,1.0,5.0
1366,10.0,100.0,1000.0,1.0,5.0
1367,50.0,100.0,1000.0,1.0,5.0
1368,100.0,100.0,1000.0,1.0,5.0
1369,1000.0,100.0,1000.0,1.0,5.0
1370,1.0,1000.0,1000.0,1.0,5.0
1371,10.0,1000.0,1000.0,1.0,5.0
1372,50.0,1000.0,1000.0,1.0,5.0
1373,100.0,1000.0,1000.0,1.0,5.0
1374,1000.0,1000.0,1000.0,1.0,5.0
1375,1.0,1.0,1.0,2.0,5.0
1376,10.0,1.0,1.0,2.0,5.0
1377,50.0,1.0,1.0,2.0,5.0
1378,100.0,1.0,1.0,2.0,5.0
1379,1000.0,1.0,1.0,2.0,5.0
1380,1.0,10.0,1.0,2.0,5.0
1381,10.0,10.0,1.0,2.0,5.0
1382,50.0,10.0,1.0,2.0,5.0
1383,100.0,10.0,1.0,2.0,5.0
1384,1000.0,10.0,1.0,2.0,5.0
1385,1.0,50.0,1.0,2.0,5.0
1386,10.0,50.0,1.0,2.0,5.0
1387,50.0,50.0,1.0,2.0,5.0
1388,100.0,50.0,1.0,2.0,5.0
1389,1000.0,50.0,1.0,2.0,5.0
1390,1.0,100.0,1.0,2.0,5.0
1391,10.0,100.0,1.0,2.0,5.0
1392,50.0,100.0,1.0,2.0,5.0
1393,100.0,100.0,1.0,2.0,5.0
1394,1000.0,100.0,1.0,2.0,5.0
1395,1.0,1000.0,1.0,2.0,5.0
1396,10.0,1000.0,1.0,2.0,5.0
1397,50.0,1000.0,1.0,2.0,5.0
1398,100.0,1000.0,1.0,2.0,5.0
1399,1000.0,1000.0,1.0,2.0,5.0
1400,1.0,1.0,10.0,2.0,5.0
1401,10.0,1.0,10.0,2.0,5.0
1402,50.0,1.0,10.0,2.0,5.0
1403,100.0,1.0,10.0,2.0,5.0
1404,1000.0,1.0,10.0,2.0,5.0
1405,1.0,10.0,10.0,2.0,5.0
1406,10.0,10.0,10.0,2.0,5.0
1407,50.0,10.0,10.0,2.0,5.0
1408,100.0,10.0,10.0,2.0,5.0
1409,1000.0,10.0,10.0,2.0,5.0
1410,1.0,50.0,10.0,2.0,5.0
1411,10.0,50.0,10.0,2.0,5.0
1412,50.0,50.0,10.0,2.0,5.0
1413,100.0,50.0,10.0,2.0,5.0
1414,1000.0,50.0,10.0,2.0,5.0
1415,1.0,100.0,10.0,2.0,5.0
1416,10.0,100.0,10.0,2.0,5.0
1417,50.0,100.0,10.0,2.0,5.0
1418,100.0,100.0,10.0,2.0,5.0
1419,1000.0,100.0,10.0,2.0,5.0
1420,1.0,1000.0,10.0,2.0,5.0
1421,10.0,1000.0,10.0,2.0,5.0
1422,50.0,1000.0,10.0,2.0,5.0
1423,100.0,1000.0,10.0,2.0,5.0
1424,1000.0,1000.0,10.0,2.0,5.0
1425,1.0,1.0,50.0,2.0,5.0
1426,10.0,1.0,50.0,2.0,5.0
1427,50.0,1.0,50.0,2.0,5.0
1428,100.0,1.0,50.0,2.0,5.0
1429,1000.0,1.0,50.0,2.0,5.0
1430,1.0,10.0,50.0,2.0,5.0
1431,10.0,10.0,50.0,2.0,5.0
1432,50.0,10.0,50.0,2.0,5.0
1433,100.0,10.0,50.0,2.0,5.0
1434,1000.0,10.0,50.0,2.0,5.0
1435,1.0,50.0,50.0,2.0,5.0
1436,10.0,50.0,50.0,2.0,5.0
1437,50.0,50.0,50.0,2.0,5.0
1438,100.0,50.0,50.0,2.0,5.0
1439,1000.0,50.0,50.0,2.0,5.0
1440,1.0,100.0,50.0,2.0,5.0
1441,10.0,100.0,50.0,2.0,5.0
1442,50.0,100.0,50.0,2.0,5.0
1443,100.0,100.0,50.0,2.0,5.0
1444,1000.0,100.0,50.0,2.0,5.0
1445,1.0,1000.0,50.0,2.0,5.0
1446,10.0,1000.0,50.0,2.0,5.0
1447,50.0,1000.0,50.0,2.0,5.0
1448,100.0,1000.0,50.0,2.0,5.0
1449,1000.0,1000.0,50.0,2.0,5.0
1450,1.0,1.0,100.0,2.0,5.0
1451,10.0,1.0,100.0,2.0,5.0
1452,50.0,1.0,100.0,2.0,5.0
1453,100.0,1.0,100.0,2.0,5.0
1454,1000.0,1.0,100.0,2.0,5.0
1455,1.0,10.0,100.0,2.0,5.0
1456,10.0,10.0,100.0,2.0,5.0
1457,50.0,10.0,100.0,2.0,5.0
1458,100.0,10.0,100.0,2.0,5.0
1459,1000.0,10.0,100.0,2.0,5.0
1460,1.0,50.0,100.0,2.0,5.0
1461,10.0,50.0,100.0,2.0,5.0
1462,50.0,50.0,100.0,2.0,5.0
1463,100.0,50.0,100.0,2.0,5.0
1464,1000.0,50.0,100.0,2.0,5.0
1465,1.0,100.0,100.0,2.0,5.0
1466,10.0,100.0,100.0,2.0,5.0
1467,50.0,100.0,100.0,2.0,5.0
1468,100.0,100.0,100.0,2.0,5.0
1469,1000.0,100.0,100.0,2.0,5.0
1470,1.0,1000.0,100.0,2.0,5.0
1471,10.0,1000.0,100.0,2.0,5.0
1472,50.0,1000.0,100.0,2.0,5.0
1473,100.0,1000.0,100.0,2.0,5.0
1474,1000.0,1000.0,100.0,2.0,5.0
1475,1.0,1.0,1000.0,2.0,5.0
1476,10.0,1.0,1000.0,2.0,5.0
1477,50.0,1.0,1000.0,2.0,5.0
1478,100.0,1.0,1000.0,2.0,5.0
1479,1000.0,1.0,1000.0,2.0,5.0
1480,1.0,10.0,1000.0,2.0,5.0
1481,10.0,10.0,1000.0,2.0,5.0
1482,50.0,10.0,1000.0,2.0,5.0
1483,100.0,10.0,1000.0,2.0,5.0
1484,1000.0,10.0,1000.0,2.0,5.0
1485,1.0,50.0,1000.0,2.0,5.0
1486,10.0,50.0,1000.0,2.0,5.0
1487,50.0,50.0,1000.0,2.0,5.0
1488,100.0,50.0,1000.0,2.0,5.0
1489,1000.0,50.0,1000.0,2.0,5.0
1490,1.0,100.0,1000.0,2.0,5.0
1491,10.0,100.0,1000.0,2.0,5.0
1492,50.0,100.0,1000.0,2.0,5.0
1493,100.0,100.0,1000.0,2.0,5.0
1494,1000.0,100.0,1000.0,2.0,5.0
1495,1.0,1000.0,1000.0,2.0,5.0
1496,10.0,1000.0,1000.0,2.0,5.0
1497,50.0,1000.0,1000.0,2.0,5.0
1498,100.0,1000.0,1000.0,2.0,5.0
1499,1000.0,1000.0,1000.0,2.0,5.0
1500,1.0,1.0,1.0,5.0,5.0
1501,10.0,1.0,1.0,5.0,5.0
1502,50.0,1.0,1.0,5.0,5.0
1503,100.0,1.0,1.0,5.0,5.0
1504,1000.0,1.0,1.0,5.0,5.0
1505,1.0,10.0,1.0,5.0,5.0
1506,10.0,10.0,1.0,5.0,5.0
1507,50.0,10.0,1.0,5.0,5.0
1508,100.0,10.0,1.0,5.0,5.0
1509,1000.0,10.0,1.0,5.0,5.0
1510,1.0,50.0,1.0,5.0,5.0
1511,10.0,50.0,1.0,5.0,5.0
1512,50.0,50.0,1.0,5.0,5.0
1513,100.0,50.0,1.0,5.0,5.0
1514,1000.0,50.0,1.0,5.0,5.0
1515,1.0,100.0,1.0,5.0,5.0
1516,10.0,100.0,1.0,5.0,5.0
1517,50.0,100.0,1.0,5.0,5.0
1518,100.0,100.0,1.0,5.0,5.0
1519,1000.0,100.0,1.0,5.0,5.0
1520,1.0,1000.0,1.0,5.0,5.0
1521,10.0,1000.0,1.0,5.0,5.0
1522,50.0,1000.0,1.0,5.0,5.0
1523,100.0,1000.0,1.0,5.0,5.0
1524,1000.0,1000.0,1.0,5.0,5.0
1525,1.0,1.0,10.0,5.0,5.0
1526,10.0,1.0,10.0,5.0,5.0
1527,50.0,1.0,10.0,5.0,5.0
1528,100.0,1.0,10.0,5.0,5.0
1529,1000.0,1.0,10.0,5.0,5.0
1530,1.0,10.0,10.0,5.0,5.0
1531,10.0,10.0,10.0,5.0,5.0
1532,50.0,10.0,10.0,5.0,5.0
1533,100.0,10.0,10.0,5.0,5.0
1534,1000.0,10.0,10.0,5.0,5.0
1535,1.0,50.0,10.0,5.0,5.0
1536,10.0,50.0,10.0,5.0,5.0
1537,50.0,50.0,10.0,5.0,5.0
1538,100.0,50.0,10.0,5.0,5.0
1539,1000.0,50.0,10.0,5.0,5.0
1540,1.0,100.0,10.0,5.0,5.0
1541,10.0,100.0,10.0,5.0,5.0
1542,50.0,100.0,10.0,5.0,5.0
1543,100.0,100.0,10.0,5.0,5.0
1544,1000.0,100.0,10.0,5.0,5.0
1545,1.0,1000.0,10.0,5.0,5.0
1546,10.0,1000.0,10.0,5.0,5.0
1547,50.0,1000.0,10.0,5.0,5.0
1548,100.0,1000.0,10.0,5.0,5.0
1549,1000.0,1000.0,10.0,5.0,5.0
1550,1.0,1.0,50.0,5.0,5.0
1551,10.0,1.0,50.0,5.0,5.0
1552,50.0,1.0,50.0,5.0,5.0
1553,100.0,1.0,50.0,5.0,5.0
1554,1000.0,1.0,50.0,5.0,5.0
1555,1.0,10.0,50.0,5.0,5.0
1556,10.0,10.0,50.0,5.0,5.0
1557,50.0,10.0,50.0,5.0,5.0
1558,100.0,10.0,50.0,5.0,5.0
1559,1000.0,10.0,50.0,5.0,5.0
1560,1.0,50.0,50.0,5.0,5.0
1561,10.0,50.0,50.0,5.0,5.0
1562,50.0,50.0,50.0,5.0,5.0
1563,100.0,50.0,50.0,5.0,5.0
1564,1000.0,50.0,50.0,5.0,5.0
1565,1.0,100.0,50.0,5.0,5.0
1566,10.0,100.0,50.0,5.0,5.0
1567,50.0,100.0,50.0,5.0,5.0
1568,100.0,100.0,50.0,5.0,5.0
1569,1000.0,100.0,50.0,5.0,5.0
1570,1.0,1000.0,50.0,5.0,5.0
1571,10.0,1000.0,50.0,5.0,5.0
1572,50.0,1000.0,50.0,5.0,5.0
1573,100.0,1000.0,50.0,5.0,5.0
1574,1000.0,1000.0,50.0,5.0,5.0
1575,1.0,1.0,100.0,5.0,5.0
1576,10.0,1.0,100.0,5.0,5.0
1577,50.0,1.0,100.0,5.0,5.0
1578,100.0,1.0,100.0,5.0,5.0
1579,1000.0,1.0,100.0,5.0,5.0
1580,1.0,10.0,100.0,5.0,5.0
1581,10.0,10.0,100.0,5.0,5.0
1582,50.0,10.0,100.0,5.0,5.0
1583,100.0,10.0,100.0,5.0,5.0
1584,1000.0,10.0,100.0,5.0,5.0
1585,1.0,50.0,100.0,5.0,5.0
1586,10.0,50.0,100.0,5.0,5.0
1587,50.0,50.0,100.0,5.0,5.0
1588,100.0,50.0,100.0,5.0,5.0
1589,1000.0,50.0,100.0,5.0,5.0
1590,1.0,100.0,100.0,5.0,5.0
1591,10.0,100.0,100.0,5.0,5.0
1592,50.0,100.0,100.0,5.0,5.0
1593,100.0,100.0,100.0,5.0,5.0
1594,1000.0,100.0,100.0,5.0,5.0
1595,1.0,1000.0,100.0,5.0,5.0
1596,10.0,1000.0,100.0,5.0,5.0
1597,50.0,1000.0,100.0,5.0,5.0
1598,100.0,1000.0,100.0,5.0,5.0
1599,1000.0,1000.0,100.0,5.0,5.0
1600,1.0,1.0,1000.0,5.0,5.0
1601,10.0,1.0,1000.0,5.0,5.0
1602,50.0,1.0,1000.0,5.0,5.0
1603,100.0,1.0,1000.0,5.0,5.0
1604,1000.0,1.0,1000.0,5.0,5.0
1605,1.0,10.0,1000.0,5.0,5.0
1606,10.0,10.0,1000.0,5.0,5.0
1607,50.0,10.0,1000.0,5.0,5.0
1608,100.0,10.0,1000.0,5.0,5.0
1609,1000.0,10.0,1000.0,5.0,5.0
1610,1.0,50.0,1000.0,5.0,5.0
1611,10.0,50.0,1000.0,5.0,5.0
1612,50.0,50.0,1000.0,5.0,5.0
1613,100.0,50.0,1000.0,5.0,5.0
1614,1000.0,50.0,1000.0,5.0,5.0
1615,1.0,100.0,1000.0,5.0,5.0
1616,10.0,100.0,1000.0,5.0,5.0
1617,50.0,100.0,1000.0,5.0,5.0
1618,100.0,100.0,1000.0,5.0,5.0
1619,1000.0,100.0,1000.0,5.0,5.0
1620,1.0,1000.0,1000.0,5.0,5.0
1621,10.0,1000.0,1000.0,5.0,5.0
1622,50.0,1000.0,1000.0,5.0,5.0
1623,100.0,1000.0,1000.0,5.0,5.0
1624,1000.0,1000.0,1000.0,5.0,5.0
1625,1.0,1.0,1.0,10.0,5.0
1626,10.0,1.0,1.0,10.0,5.0
1627,50.0,1.0,1.0,10.0,5.0
1628,100.0,1.0,1.0,10.0,5.0
1629,1000.0,1.0,1.0,10.0,5.0
1630,1.0,10.0,1.0,10.0,5.0
1631,10.0,10.0,1.0,10.0,5.0
1632,50.0,10.0,1.0,10.0,5.0
1633,100.0,10.0,1.0,10.0,5.0
1634,1000.0,10.0,1.0,10.0,5.0
1635,1.0,50.0,1.0,10.0,5.0
1636,10.0,50.0,1.0,10.0,5.0
1637,50.0,50.0,1.0,10.0,5.0
1638,100.0,50.0,1.0,10.0,5.0
1639,1000.0,50.0,1.0,10.0,5.0
1640,1.0,100.0,1.0,10.0,5.0
1641,10.0,100.0,1.0,10.0,5.0
1642,50.0,100.0,1.0,10.0,5.0
1643,100.0,100.0,1.0,10.0,5.0
1644,1000.0,100.0,1.0,10.0,5.0
1645,1.0,1000.0,1.0,10.0,5.0
1646,10.0,1000.0,1.0,10.0,5.0
1647,50.0,1000.0,1.0,10.0,5.0
1648,100.0,1000.0,1.0,10.0,5.0
1649,1000.0,1000.0,1.0,10.0,5.0
1650,1.0,1.0,10.0,10.0,5.0
1651,10.0,1.0,10.0,10.0,5.0
1652,50.0,1.0,10.0,10.0,5.0
1653,100.0,1.0,10.0,10.0,5.0
1654,1000.0,1.0,10.0,10.0,5.0
1655,1.0,10.0,10.0,10.0,5.0
1656,10.0,10.0,10.0,10.0,5.0
1657,50.0,10.0,10.0,10.0,5.0
1658,100.0,10.0,10.0,10.0,5.0
1659,1000.0,10.0,10.0,10.0,5.0
1660,1.0,50.0,10.0,10.0,5.0
1661,10.0,50.0,10.0,10.0,5.0
1662,50.0,50.0,10.0,10.0,5.0
1663,100.0,50.0,10.0,10.0,5.0
1664,1000.0,50.0,10.0,10.0,5.0
1665,1.0,100.0,10.0,10.0,5.0
1666,10.0,100.0,10.0,10.0,5.0
1667,50.0,100.0,10.0,10.0,5.0
1668,100.0,100.0,10.0,10.0,5.0
1669,1000.0,100.0,10.0,10.0,5.0
1670,1.0,1000.0,10.0,10.0,5.0
1671,10.0,1000.0,10.0,10.0,5.0
1672,50.0,1000.0,10.0,10.0,5.0
1673,100.0,1000.0,10.0,10.0,5.0
1674,1000.0,1000.0,10.0,10.0,5.0
1675,1.0,1.0,50.0,10.0,5.0
1676,10.0,1.0,50.0,10.0,5.0
1677,50.0,1.0,50.0,10.0,5.0
1678,100.0,1.0,50.0,10.0,5.0
1679,1000.0,1.0,50.0,10.0,5.0
1680,1.0,10.0,50.0,10.0,5.0
1681,10.0,10.0,50.0,10.0,5.0
1682,50.0,10.0,50.0,10.0,5.0
1683,100.0,10.0,50.0,10.0,5.0
1684,1000.0,10.0,50.0,10.0,5.0
1685,1.0,50.0,50.0,10.0,5.0
1686,10.0,50.0,50.0,10.0,5.0
1687,50.0,50.0,50.0,10.0,5.0
1688,100.0,50.0,50.0,10.0,5.0
1689,1000.0,50.0,50.0,10.0,5.0
1690,1.0,100.0,50.0,10.0,5.0
1691,10.0,100.0,50.0,10.0,5.0
1692,50.0,100.0,50.0,10.0,5.0
1693,100.0,100.0,50.0,10.0,5.0
1694,1000.0,100.0,50.0,10.0,5.0
1695,1.0,1000.0,50.0,10.0,5.0
1696,10.0,1000.0,50.0,10.0,5.0
1697,50.0,1000.0,50.0,10.0,5.0
1698,100.0,1000.0,50.0,10.0,5.0
1699,1000.0,1000.0,50.0,10.0,5.0
1700,1.0,1.0,100.0,10.0,5.0
1701,10.0,1.0,100.0,10.0,5.0
1702,50.0,1.0,100.0,10.0,5.0
1703,100.0,1.0,100.0,10.0,5.0
1704,1000.0,1.0,100.0,10.0,5.0
1705,1.0,10.0,100.0,10.0,5.0
1706,10.0,10.0,100.0,10.0,5.0
1707,50.0,10.0,100.0,10.0,5.0
1708,100.0,10.0,100.0,10.0,5.0
1709,1000.0,10.0,100.0,10.0,5.0
1710,1.0,50.0,100.0,10.0,5.0
1711,10.0,50.0,100.0,10.0,5.0
1712,50.0,50.0,100.0,10.0,5.0
1713,100.0,50.0,100.0,10.0,5.0
1714,1000.0,50.0,100.0,10.0,5.0
1715,1.0,100.0,100.0,10.0,5.0
1716,10.0,100.0,100.0,10.0,5.0
1717,50.0,100.0,100.0,10.0,5.0
1718,100.0,100.0,100.0,10.0,5.0
1719,1000.0,100.0,100.0,10.0,5.0
1720,1.0,1000.0,100.0,10.0,5.0
1721,10.0,1000.0,100.0,10.0,5.0
1722,50.0,1000.0,100.0,10.0,5.0
1723,100.0,1000.0,100.0,10.0,5.0
1724,1000.0,1000.0,100.0,10.0,5.0
1725,1.0,1.0,1000.0,10.0,5.0
1726,10.0,1.0,1000.0,10.0,5.0
1727,50.0,1.0,1000.0,10.0,5.0
1728,100.0,1.0,1000.0,10.0,5.0
1729,1000.0,1.0,1000.0,10.0,5.0
1730,1.0,10.0,1000.0,10.0,5.0
1731,10.0,10.0,1000.0,10.0,5.0
1732,50.0,10.0,1000.0,10.0,5.0
1733,100.0,10.0,1000.0,10.0,5.0
1734,1000.0,10.0,1000.0,10.0,5.0
1735,1.0,50.0,1000.0,10.0,5.0
1736,10.0,50.0,1000.0,10.0,5.0
1737,50.0,50.0,1000.0,10.0,5.0
1738,100.0,50.0,1000.0,10.0,5.0
1739,1000.0,50.0,1000.0,10.0,5.0
1740,1.0,100.0,1000.0,10.0,5.0
1741,10.0,100.0,1000.0,10.0,5.0
1742,50.0,100.0,1000.0,10.0,5.0
1743,100.0,100.0,1000.0,10.0,5.0
1744,1000.0,100.0,1000.0,10.0,5.0
1745,1.0,1000.0,1000.0,10.0,5.0
1746,10.0,1000.0,1000.0,10.0,5.0
1747,50.0,1000.0,1000.0,10.0,5.0
1748,100.0,1000.0,1000.0,10.0,5.0
1749,1000.0,1000.0,1000.0,10.0,5.0
1750,1.0,1.0,1.0,20.0,5.0
1751,10.0,1.0,1.0,20.0,5.0
1752,50.0,1.0,1.0,20.0,5.0
1753,100.0,1.0,1.0,20.0,5.0
1754,1000.0,1.0,1.0,20.0,5.0
1755,1.0,10.0,1.0,20.0,5.0
1756,10.0,10.0,1.0,20.0,5.0
1757,50.0,10.0,1.0,20.0,5.0
1758,100.0,10.0,1.0,20.0,5.0
1759,1000.0,10.0,1.0,20.0,5.0
1760,1.0,50.0,1.0,20.0,5.0
1761,10.0,50.0,1.0,20.0,5.0
1762,50.0,50.0,1.0,20.0,5.0
1763,100.0,50.0,1.0,20.0,5.0
1764,1000.0,50.0,1.0,20.0,5.0
1765,1.0,100.0,1.0,20.0,5.0
1766,10.0,100.0,1.0,20.0,5.0
1767,50.0,100.0,1.0,20.0,5.0
1768,100.0,100.0,1.0,20.0,5.0
1769,1000.0,100.0,1.0,20.0,5.0
1770,1.0,1000.0,1.0,20.0,5.0
1771,10.0,1000.0,1.0,20.0,5.0
1772,50.0,1000.0,1.0,20.0,5.0
1773,100.0,1000.0,1.0,20.0,5.0
1774,1000.0,1000.0,1.0,20.0,5.0
1775,1.0,1.0,10.0,20.0,5.0
1776,10.0,1.0,10.0,20.0,5.0
1777,50.0,1.0,10.0,20.0,5.0
1778,100.0,1.0,10.0,20.0,5.0
1779,1000.0,1.0,10.0,20.0,5.0
1780,1.0,10.0,10.0,20.0,5.0
1781,10.0,10.0,10.0,20.0,5.0
1782,50.0,10.0,10.0,20.0,5.0
1783,100.0,10.0,10.0,20.0,5.0
1784,1000.0,10.0,10.0,20.0,5.0
1785,1.0,50.0,10.0,20.0,5.0
1786,10.0,50.0,10.0,20.0,5.0
1787,50.0,50.0,10.0,20.0,5.0
1788,100.0,50.0,10.0,20.0,5.0
1789,1000.0,50.0,10.0,20.0,5.0
1790,1.0,100.0,10.0,20.0,5.0
1791,10.0,100.0,10.0,20.0,5.0
1792,50.0,100.0,10.0,20.0,5.0
1793,100.0,100.0,10.0,20.0,5.0
1794,1000.0,100.0,10.0,20.0,5.0
1795,1.0,1000.0,10.0,20.0,5.0
1796,10.0,1000.0,10.0,20.0,5.0
1797,50.0,1000.0,10.0,20.0,5.0
1798,100.0,1000.0,10.0,20.0,5.0
1799,1000.0,1000.0,10.0,20.0,5.0
1800,1.0,1.0,50.0,20.0,5.0
1801,10.0,1.0,50.0,20.0,5.0
1802,50.0,1.0,50.0,20.0,5.0
1803,100.0,1.0,50.0,20.0,5.0
1804,1000.0,1.0,50.0,20.0,5.0
1805,1.0,10.0,50.0,20.0,5.0
1806,10.0,10.0,50.0,20.0,5.0
1807,50.0,10.0,50.0,20.0,5.0
1808,100.0,10.0,50.0,20.0,5.0
1809,1000.0,10.0,50.0,20.0,5.0
1810,1.0,50.0,50.0,20.0,5.0
1811,10.0,50.0,50.0,20.0,5.0
1812,50.0,50.0,50.0,20.0,5.0
1813,100.0,50.0,50.0,20.0,5.0
1814,1000.0,50.0,50.0,20.0,5.0
1815,1.0,100.0,50.0,20.0,5.0
1816,10.0,100.0,50.0,20.0,5.0
1817,50.0,100.0,50.0,20.0,5.0
1818,100.0,100.0,50.0,20.0,5.0
1819,1000.0,100.0,50.0,20.0,5.0
1820,1.0,1000.0,50.0,20.0,5.0
1821,10.0,1000.0,50.0,20.0,5.0
1822,50.0,1000.0,50.0,20.0,5.0
1823,100.0,1000.0,50.0,20.0,5.0
1824,1000.0,1000.0,50.0,20.0,5.0
1825,1.0,1.0,100.0,20.0,5.0
1826,10.0,1.0,100.0,20.0,5.0
1827,50.0,1.0,100.0,20.0,5.0
1828,100.0,1.0,100.0,20.0,5.0
1829,1000.0,1.0,100.0,20.0,5.0
1830,1.0,10.0,100.0,20.0,5.0
1831,10.0,10.0,100.0,20.0,5.0
1832,50.0,10.0,100.0,20.0,5.0
1833,100.0,10.0,100.0,20.0,5.0
1834,1000.0,10.0,100.0,20.0,5.0
1835,1.0,50.0,100.0,20.0,5.0
1836,10.0,50.0,100.0,20.0,5.0
1837,50.0,50.0,100.0,20.0,5.0
1838,100.0,50.0,100.0,20.0,5.0
1839,1000.0,50.0,100.0,20.0,5.0
1840,1.0,100.0,100.0,20.0,5.0
1841,10.0,100.0,100.0,20.0,5.0
1842,50.0,100.0,100.0,20.0,5.0
1843,100.0,100.0,100.0,20.0,5.0
1844,1000.0,100.0,100.0,20.0,5.0
1845,1.0,1000.0,100.0,20.0,5.0
1846,10.0,1000.0,100.0,20.0,5.0
1847,50.0,1000.0,100.0,20.0,5.0
1848,100.0,1000.0,100.0,20.0,5.0
1849,1000.0,1000.0,100.0,20.0,5.0
1850,1.0,1.0,1000.0,20.0,5.0
1851,10.0,1.0,1000.0,20.0,5.0
1852,50.0,1.0,1000.0,20.0,5.0
1853,100.0,1.0,1000.0,20.0,5.0
1854,1000.0,1.0,1000.0,20.0,5.0
1855,1.0,10.0,1000.0,20.0,5.0
1856,10.0,10.0,1000.0,20.0,5.0
1857,50.0,10.0,1000.0,20.0,5.0
1858,100.0,10.0,1000.0,20.0,5.0
1859,1000.0,10.0,1000.0,20.0,5.0
1860,1.0,50.0,1000.0,20.0,5.0
1861,10.0,50.0,1000.0,20.0,5.0
1862,50.0,50.0,1000.0,20.0,5.0
1863,100.0,50.0,1000.0,20.0,5.0
1864,1000.0,50.0,1000.0,20.0,5.0
1865,1.0,100.0,1000.0,20.0,5.0
1866,10.0,100.0,1000.0,20.0,5.0
1867,50.0,100.0,1000.0,20.0,5.0
1868,100.0,100.0,1000.0,20.0,5.0
1869,1000.0,100.0,1000.0,20.0,5.0
1870,1.0,1000.0,1000.0,20.0,5.0
1871,10.0,1000.0,1000.0,20.0,5.0
1872,50.0,1000.0,1000.0,20.0,5.0
1873,100.0,1000.0,1000.0,20.0,5.0
1874,1000.0,1000.0,1000.0,20.0,5.0
1875,1.0,1.0,1.0,1.0,10.0
1876,10.0,1.0,1.0,1.0,10.0
1877,50.0,1.0,1.0,1.0,10.0
1878,100.0,1.0,1.0,1.0,10.0
1879,1000.0,1.0,1.0,1.0,10.0
1880,1.0,10.0,1.0,1.0,10.0
1881,10.0,10.0,1.0,1.0,10.0
1882,50.0,10.0,1.0,1.0,10.0
1883,100.0,10.0,1.0,1.0,10.0
1884,1000.0,10.0,1.0,1.0,10.0
1885,1.0,50.0,1.0,1.0,10.0
1886,10.0,50.0,1.0,1.0,10.0
1887,50.0,50.0,1.0,1.0,10.0
1888,100.0,50.0,1.0,1.0,10.0
1889,1000.0,50.0,1.0,1.0,10.0
1890,1.0,100.0,1.0,1.0,10.0
1891,10.0,100.0,1.0,1.0,10.0
1892,50.0,100.0,1.0,1.0,10.0
1893,100.0,100.0,1.0,1.0,10.0
1894,1000.0,100.0,1.0,1.0,10.0
1895,1.0,1000.0,1.0,1.0,10.0
1896,10.0,1000.0,1.0,1.0,10.0
1897,50.0,1000.0,1.0,1.0,10.0
1898,100.0,1000.0,1.0,1.0,10.0
1899,1000.0,1000.0,1.0,1.0,10.0
1900,1.0,1.0,10.0,1.0,10.0
1901,10.0,1.0,10.0,1.0,10.0
1902,50.0,1.0,10.0,1.0,10.0
1903,100.0,1.0,10.0,1.0,10.0
1904,1000.0,1.0,10.0,1.0,10.0
1905,1.0,10.0,10.0,1.0,10.0
1906,10.0,10.0,10.0,1.0,10.0
1907,50.0,10.0,10.0,1.0,10.0
1908,100.0,10.0,10.0,1.0,10.0
1909,1000.0,10.0,10.0,1.0,10.0
1910,1.0,50.0,10.0,1.0,10.0
1911,10.0,50.0,10.0,1.0,10.0
1912,50.0,50.0,10.0,1.0,10.0
1913,100.0,50.0,10.0,1.0,10.0
1914,1000.0,50.0,10.0,1.0,10.0
1915,1.0,100.0,10.0,1.0,10.0
1916,10.0,100.0,10.0,1.0,10.0
1917,50.0,100.0,10.0,1.0,10.0
1918,100.0,100.0,10.0,1.0,10.0
1919,1000.0,100.0,10.0,1.0,10.0
1920,1.0,1000.0,10.0,1.0,10.0
1921,10.0,1000.0,10.0,1.0,10.0
1922,50.0,1000.0,10.0,1.0,10.0
1923,100.0,1000.0,10.0,1.0,10.0
1924,1000.0,1000.0,10.0,1.0,10.0
1925,1.0,1.0,50.0,1.0,10.0
1926,10.0,1.0,50.0,1.0,10.0
1927,50.0,1.0,50.0,1.0,10.0
1928,100.0,1.0,50.0,1.0,10.0
1929,1000.0,1.0,50.0,1.0,10.0
1930,1.0,10.0,50.0,1.0,10.0
1931,10.0,10.0,50.0,1.0,10.0
1932,50.0,10.0,50.0,1.0,10.0
1933,100.0,10.0,50.0,1.0,10.0
1934,1000.0,10.0,50.0,1.0,10.0
1935,1.0,50.0,50.0,1.0,10.0
1936,10.0,50.0,50.0,1.0,10.0
1937,50.0,50.0,50.0,1.0,10.0
1938,100.0,50.0,50.0,1.0,10.0
1939,1000.0,50.0,50.0,1.0,10.0
1940,1.0,100.0,50.0,1.0,10.0
1941,10.0,100.0,50.0,1.0,10.0
1942,50.0,100.0,50.0,1.0,10.0
1943,100.0,100.0,50.0,1.0,10.0
1944,1000.0,100.0,50.0,1.0,10.0
1945,1.0,1000.0,50.0,1.0,10.0
1946,10.0,1000.0,50.0,1.0,10.0
1947,50.0,1000.0,50.0,1.0,10.0
1948,100.0,1000.0,50.0,1.0,10.0
1949,1000.0,1000.0,50.0,1.0,10.0
1950,1.0,1.0,100.0,1.0,10.0
1951,10.0,1.0,100.0,1.0,10.0
1952,50.0,1.0,100.0,1.0,10.0
1953,100.0,1.0,100.0,1.0,10.0
1954,1000.0,1.0,100.0,1.0,10.0
1955,1.0,10.0,100.0,1.0,10.0
1956,10.0,10.0,100.0,1.0,10.0
1957,50.0,10.0,100.0,1.0,10.0
1958,100.0,10.0,100.0,1.0,10.0
1959,1000.0,10.0,100.0,1.0,10.0
1960,1.0,50.0,100.0,1.0,10.0
1961,10.0,50.0,100.0,1.0,10.0
1962,50.0,50.0,100.0,1.0,10.0
1963,100.0,50.0,100.0,1.0,10.0
1964,1000.0,50.0,100.0,1.0,10.0
1965,1.0,100.0,100.0,1.0,10.0
1966,10.0,100.0,100.0,1.0,10.0
1967,50.0,100.0,100.0,1.0,10.0
1968,100.0,100.0,100.0,1.0,10.0
1969,1000.0,100.0,100.0,1.0,10.0
1970,1.0,1000.0,100.0,1.0,10.0
1971,10.0,1000.0,100.0,1.0,10.0
1972,50.0,1000.0,100.0,1.0,10.0
1973,100.0,1000.0,100.0,1.0,10.0
1974,1000.0,1000.0,100.0,1.0,10.0
1975,1.0,1.0,1000.0,1.0,10.0
1976,10.0,1.0,1000.0,1.0,10.0
1977,50.0,1.0,1000.0,1.0,10.0
1978,100.0,1.0,1000.0,1.0,10.0
1979,1000.0,1.0,1000.0,1.0,10.0
1980,1.0,10.0,1000.0,1.0,10.0
1981,10.0,10.0,1000.0,1.0,10.0
1982,50.0,10.0,1000.0,1.0,10.0
1983,100.0,10.0,1000.0,1.0,10.0
1984,1000.0,10.0,1000.0,1.0,10.0
1985,1.0,50.0,1000.0,1.0,10.0
1986,10.0,50.0,1000.0,1.0,10.0
1987,50.0,50.0,1000.0,1.0,10.0
1988,100.0,50.0,1000.0,1.0,10.0
1989,1000.0,50.0,1000.0,1.0,10.0
1990,1.0,100.0,1000.0,1.0,10.0
1991,10.0,100.0,1000.0,1.0,10.0
1992,50.0,100.0,1000.0,1.0,10.0
1993,100.0,100.0,1000.0,1.0,10.0
1994,1000.0,100.0,1000.0,1.0,10.0
1995,1.0,1000.0,1000.0,1.0,10.0
1996,10.0,1000.0,1000.0,1.0,10.0
1997,50.0,1000.0,1000.0,1.0,10.0
1998,100.0,1000.0,1000.0,1.0,10.0
1999,1000.0,1000.0,1000.0,1.0,10.0
2000,1.0,1.0,1.0,2.0,10.0
2001,10.0,1.0,1.0,2.0,10.0
2002,50.0,1.0,1.0,2.0,10.0
2003,100.0,1.0,1.0,2.0,10.0
2004,1000.0,1.0,1.0,2.0,10.0
2005,1.0,10.0,1.0,2.0,10.0
2006,10.0,10.0,1.0,2.0,10.0
2007,50.0,10.0,1.0,2.0,10.0
2008,100.0,10.0,1.0,2.0,10.0
2009,1000.0,10.0,1.0,2.0,10.0
2010,1.0,50.0,1.0,2.0,10.0
2011,10.0,50.0,1.0,2.0,10.0
2012,50.0,50.0,1.0,2.0,10.0
2013,100.0,50.0,1.0,2.0,10.0
2014,1000.0,50.0,1.0,2.0,10.0
2015,1.0,100.0,1.0,2.0,10.0
2016,10.0,100.0,1.0,2.0,10.0
2017,50.0,100.0,1.0,2.0,10.0
2018,100.0,100.0,1.0,2.0,10.0
2019,1000.0,100.0,1.0,2.0,10.0
2020,1.0,1000.0,1.0,2.0,10.0
2021,10.0,1000.0,1.0,2.0,10.0
2022,50.0,1000.0,1.0,2.0,10.0
2023,100.0,1000.0,1.0,2.0,10.0
2024,1000.0,1000.0,1.0,2.0,10.0
2025,1.0,1.0,10.0,2.0,10.0
2026,10.0,1.0,10.0,2.0,10.0
2027,50.0,1.0,10.0,2.0,10.0
2028,100.0,1.0,10.0,2.0,10.0
2029,1000.0,1.0,10.0,2.0,10.0
2030,1.0,10.0,10.0,2.0,10.0
2031,10.0,10.0,10.0,2.0,10.0
2032,50.0,10.0,10.0,2.0,10.0
2033,100.0,10.0,10.0,2.0,10.0
2034,1000.0,10.0,10.0,2.0,10.0
2035,1.0,50.0,10.0,2.0,10.0
2036,10.0,50.0,10.0,2.0,10.0
2037,50.0,50.0,10.0,2.0,10.0
2038,100.0,50.0,10.0,2.0,10.0
2039,1000.0,50.0,10.0,2.0,10.0
2040,1.0,100.0,10.0,2.0,10.0
2041,10.0,100.0,10.0,2.0,10.0
2042,50.0,100.0,10.0,2.0,10.0
2043,100.0,100.0,10.0,2.0,10.0
2044,1000.0,100.0,10.0,2.0,10.0
2045,1.0,1000.0,10.0,2.0,10.0
2046,10.0,1000.0,10.0,2.0,10.0
2047,50.0,1000.0,10.0,2.0,10.0
2048,100.0,1000.0,10.0,2.0,10.0
2049,1000.0,1000.0,10.0,2.0,10.0
2050,1.0,1.0,50.0,2.0,10.0
2051,10.0,1.0,50.0,2.0,10.0
2052,50.0,1.0,50.0,2.0,10.0
2053,100.0,1.0,50.0,2.0,10.0
2054,1000.0,1.0,50.0,2.0,10.0
2055,1.0,10.0,50.0,2.0,10.0
2056,10.0,10.0,50.0,2.0,10.0
2057,50.0,10.0,50.0,2.0,10.0
2058,100.0,10.0,50.0,2.0,10.0
2059,1000.0,10.0,50.0,2.0,10.0
2060,1.0,50.0,50.0,2.0,10.0
2061,10.0,50.0,50.0,2.0,10.0
2062,50.0,50.0,50.0,2.0,10.0
2063,100.0,50.0,50.0,2.0,10.0
2064,1000.0,50.0,50.0,2.0,10.0
2065,1.0,100.0,50.0,2.0,10.0
2066,10.0,100.0,50.0,2.0,10.0
2067,50.0,100.0,50.0,2.0,10.0
2068,100.0,100.0,50.0,2.0,10.0
2069,1000.0,100.0,50.0,2.0,10.0
2070,1.0,1000.0,50.0,2.0,10.0
2071,10.0,1000.0,50.0,2.0,10.0
2072,50.0,1000.0,50.0,2.0,10.0
2073,100.0,1000.0,50.0,2.0,10.0
2074,1000.0,1000.0,50.0,2.0,10.0
2075,1.0,1.0,100.0,2.0,10.0
2076,10.0,1.0,100.0,2.0,10.0
2077,50.0,1.0,100.0,2.0,10.0
2078,100.0,1.0,100.0,2.0,10.0
2079,1000.0,1.0,100.0,2.0,10.0
2080,1.0,10.0,100.0,2.0,10.0
2081,10.0,10.0,100.0,2.0,10.0
2082,50.0,10.0,100.0,2.0,10.0
2083,100.0,10.0,100.0,2.0,10.0
2084,1000.0,10.0,100.0,2.0,10.0
2085,1.0,50.0,100.0,2.0,10.0
2086,10.0,50.0,100.0,2.0,10.0
2087,50.0,50.0,100.0,2.0,10.0
2088,100.0,50.0,100.0,2.0,10.0
2089,1000.0,50.0,100.0,2.0,10.0
2090,1.0,100.0,100.0,2.0,10.0
2091,10.0,100.0,100.0,2.0,10.0
2092,50.0,100.0,100.0,2.0,10.0
2093,100.0,100.0,100.0,2.0,10.0
2094,1000.0,100.0,100.0,2.0,10.0
2095,1.0,1000.0,100.0,2.0,10.0
2096,10.0,1000.0,100.0,2.0,10.0
2097,50.0,1000.0,100.0,2.0,10.0
2098,100.0,1000.0,100.0,2.0,10.0
2099,1000.0,1000.0,100.0,2.0,10.0
2100,1.0,1.0,1000.0,2.0,10.0
2101,10.0,1.0,1000.0,2.0,10.0
2102,50.0,1.0,1000.0,2.0,10.0
2103,100.0,1.0,1000.0,2.0,10.0
2104,1000.0,1.0,1000.0,2.0,10.0
2105,1.0,10.0,1000.0,2.0,10.0
2106,10.0,10.0,1000.0,2.0,10.0
2107,50.0,10.0,1000.0,2.0,10.0
2108,100.0,10.0,1000.0,2.0,10.0
2109,1000.0,10.0,1000.0,2.0,10.0
2110,1.0,50.0,1000.0,2.0,10.0
2111,10.0,50.0,1000.0,2.0,10.0
2112,50.0,50.0,1000.0,2.0,10.0
2113,100.0,50.0,1000.0,2.0,10.0
2114,1000.0,50.0,1000.0,2.0,10.0
2115,1.0,100.0,1000.0,2.0,10.0
2116,10.0,100.0,1000.0,2.0,10.0
2117,50.0,100.0,1000.0,2.0,10.0
2118,100.0,100.0,1000.0,2.0,10.0
2119,1000.0,100.0,1000.0,2.0,10.0
2120,1.0,1000.0,1000.0,2.0,10.0
2121,10.0,1000.0,1000.0,2.0,10.0
2122,50.0,1000.0,1000.0,2.0,10.0
2123,100.0,1000.0,1000.0,2.0,10.0
2124,1000.0,1000.0,1000.0,2.0,10.0
2125,1.0,1.0,1.0,5.0,10.0
2126,10.0,1.0,1.0,5.0,10.0
2127,50.0,1.0,1.0,5.0,10.0
2128,100.0,1.0,1.0,5.0,10.0
2129,1000.0,1.0,1.0,5.0,10.0
2130,1.0,10.0,1.0,5.0,10.0
2131,10.0,10.0,1.0,5.0,10.0
2132,50.0,10.0,1.0,5.0,10.0
2133,100.0,10.0,1.0,5.0,10.0
2134,1000.0,10.0,1.0,5.0,10.0
2135,1.0,50.0,1.0,5.0,10.0
2136,10.0,50.0,1.0,5.0,10.0
2137,50.0,50.0,1.0,5.0,10.0
2138,100.0,50.0,1.0,5.0,10.0
2139,1000.0,50.0,1.0,5.0,10.0
2140,1.0,100.0,1.0,5.0,10.0
2141,10.0,100.0,1.0,5.0,10.0
2142,50.0,100.0,1.0,5.0,10.0
2143,100.0,100.0,1.0,5.0,10.0
2144,1000.0,100.0,1.0,5.0,10.0
2145,1.0,1000.0,1.0,5.0,10.0
2146,10.0,1000.0,1.0,5.0,10.0
2147,50.0,1000.0,1.0,5.0,10.0
2148,100.0,1000.0,1.0,5.0,10.0
2149,1000.0,1000.0,1.0,5.0,10.0
2150,1.0,1.0,10.0,5.0,10.0
2151,10.0,1.0,10.0,5.0,10.0
2152,50.0,1.0,10.0,5.0,10.0
2153,100.0,1.0,10.0,5.0,10.0
2154,1000.0,1.0,10.0,5.0,10.0
2155,1.0,10.0,10.0,5.0,10.0
2156,10.0,10.0,10.0,5.0,10.0
2157,50.0,10.0,10.0,5.0,10.0
2158,100.0,10.0,10.0,5.0,10.0
2159,1000.0,10.0,10.0,5.0,10.0
2160,1.0,50.0,10.0,5.0,10.0
2161,10.0,50.0,10.0,5.0,10.0
2162,50.0,50.0,10.0,5.0,10.0
2163,100.0,50.0,10.0,5.0,10.0
2164,1000.0,50.0,10.0,5.0,10.0
2165,1.0,100.0,10.0,5.0,10.0
2166,10.0,100.0,10.0,5.0,10.0
2167,50.0,100.0,10.0,5.0,10.0
2168,100.0,100.0,10.0,5.0,10.0
2169,1000.0,100.0,10.0,5.0,10.0
2170,1.0,1000.0,10.0,5.0,10.0
2171,10.0,1000.0,10.0,5.0,10.0
2172,50.0,1000.0,10.0,5.0,10.0
2173,100.0,1000.0,10.0,5.0,10.0
2174,1000.0,1000.0,10.0,5.0,10.0
2175,1.0,1.0,50.0,5.0,10.0
2176,10.0,1.0,50.0,5.0,10.0
2177,50.0,1.0,50.0,5.0,10.0
2178,100.0,1.0,50.0,5.0,10.0
2179,1000.0,1.0,50.0,5.0,10.0
2180,1.0,10.0,50.0,5.0,10.0
2181,10.0,10.0,50.0,5.0,10.0
2182,50.0,10.0,50.0,5.0,10.0
2183,100.0,10.0,50.0,5.0,10.0
2184,1000.0,10.0,50.0,5.0,10.0
2185,1.0,50.0,50.0,5.0,10.0
2186,10.0,50.0,50.0,5.0,10.0
2187,50.0,50.0,50.0,5.0,10.0
2188,100.0,50.0,50.0,5.0,10.0
2189,1000.0,50.0,50.0,5.0,10.0
2190,1.0,100.0,50.0,5.0,10.0
2191,10.0,100.0,50.0,5.0,10.0
2192,50.0,100.0,50.0,5.0,10.0
2193,100.0,100.0,50.0,5.0,10.0
2194,1000.0,100.0,50.0,5.0,10.0
2195,1.0,1000.0,50.0,5.0,10.0
2196,10.0,1000.0,50.0,5.0,10.0
2197,50.0,1000.0,50.0,5.0,10.0
2198,100.0,1000.0,50.0,5.0,10.0
2199,1000.0,1000.0,50.0,5.0,10.0
2200,1.0,1.0,100.0,5.0,10.0
2201,10.0,1.0,100.0,5.0,10.0
2202,50.0,1.0,100.0,5.0,10.0
2203,100.0,1.0,100.0,5.0,10.0
2204,1000.0,1.0,100.0,5.0,10.0
2205,1.0,10.0,100.0,5.0,10.0
2206,10.0,10.0,100.0,5.0,10.0
2207,50.0,10.0,100.0,5.0,10.0
2208,100.0,10.0,100.0,5.0,10.0
2209,1000.0,10.0,100.0,5.0,10.0
2210,1.0,50.0,100.0,5.0,10.0
2211,10.0,50.0,100.0,5.0,10.0
2212,50.0,50.0,100.0,5.0,10.0
2213,100.0,50.0,100.0,5.0,10.0
2214,1000.0,50.0,100.0,5.0,10.0
2215,1.0,100.0,100.0,5.0,10.0
2216,10.0,100.0,100.0,5.0,10.0
2217,50.0,100.0,100.0,5.0,10.0
2218,100.0,100.0,100.0,5.0,10.0
2219,1000.0,100.0,100.0,5.0,10.0
2220,1.0,1000.0,100.0,5.0,10.0
2221,10.0,1000.0,100.0,5.0,10.0
2222,50.0,1000.0,100.0,5.0,10.0
2223,100.0,1000.0,100.0,5.0,10.0
2224,1000.0,1000.0,100.0,5.0,10.0
2225,1.0,1.0,1000.0,5.0,10.0
2226,10.0,1.0,1000.0,5.0,10.0
2227,50.0,1.0,1000.0,5.0,10.0
2228,100.0,1.0,1000.0,5.0,10.0
2229,1000.0,1.0,1000.0,5.0,10.0
2230,1.0,10.0,1000.0,5.0,10.0
2231,10.0,10.0,1000.0,5.0,10.0
2232,50.0,10.0,1000.0,5.0,10.0
2233,100.0,10.0,1000.0,5.0,10.0
2234,1000.0,10.0,1000.0,5.0,10.0
2235,1.0,50.0,1000.0,5.0,10.0
2236,10.0,50.0,1000.0,5.0,10.0
2237,50.0,50.0,1000.0,5.0,10.0
2238,100.0,50.0,1000.0,5.0,10.0
2239,1000.0,50.0,1000.0,5.0,10.0
2240,1.0,100.0,1000.0,5.0,10.0
2241,10.0,100.0,1000.0,5.0,10.0
2242,50.0,100.0,1000.0,5.0,10.0
2243,100.0,100.0,1000.0,5.0,10.0
2244,1000.0,100.0,1000.0,5.0,10.0
2245,1.0,1000.0,1000.0,5.0,10.0
2246,10.0,1000.0,1000.0,5.0,10.0
2247,50.0,1000.0,1000.0,5.0,10.0
2248,100.0,1000.0,1000.0,5.0,10.0
2249,1000.0,1000.0,1000.0,5.0,10.0
2250,1.0,1.0,1.0,10.0,10.0
2251,10.0,1.0,1.0,10.0,10.0
2252,50.0,1.0,1.0,10.0,10.0
2253,100.0,1.0,1.0,10.0,10.0
2254,1000.0,1.0,1.0,10.0,10.0
2255,1.0,10.0,1.0,10.0,10.0
2256,10.0,10.0,1.0,10.0,10.0
2257,50.0,10.0,1.0,10.0,10.0
2258,100.0,10.0,1.0,10.0,10.0
2259,1000.0,10.0,1.0,10.0,10.0
2260,1.0,50.0,1.0,10.0,10.0
2261,10.0,50.0,1.0,10.0,10.0
2262,50.0,50.0,1.0,10.0,10.0
2263,100.0,50.0,1.0,10.0,10.0
2264,1000.0,50.0,1.0,10.0,10.0
2265,1.0,100.0,1.0,10.0,10.0
2266,10.0,100.0,1.0,10.0,10.0
2267,50.0,100.0,1.0,10.0,10.0
2268,100.0,100.0,1.0,10.0,10.0
2269,1000.0,100.0,1.0,10.0,10.0
2270,1.0,1000.0,1.0,10.0,10.0
2271,10.0,1000.0,1.0,10.0,10.0
2272,50.0,1000.0,1.0,10.0,10.0
2273,100.0,1000.0,1.0,10.0,10.0
2274,1000.0,1000.0,1.0,10.0,10.0
2275,1.0,1.0,10.0,10.0,10.0
2276,10.0,1.0,10.0,10.0,10.0
2277,50.0,1.0,10.0,10.0,10.0
2278,100.0,1.0,10.0,10.0,10.0
2279,1000.0,1.0,10.0,10.0,10.0
2280,1.0,10.0,10.0,10.0,10.0
2281,10.0,10.0,10.0,10.0,10.0
2282,50.0,10.0,10.0,10.0,10.0
2283,100.0,10.0,10.0,10.0,10.0
2284,1000.0,10.0,10.0,10.0,10.0
2285,1.0,50.0,10.0,10.0,10.0
2286,10.0,50.0,10.0,10.0,10.0
2287,50.0,50.0,10.0,10.0,10.0
2288,100.0,50.0,10.0,10.0,10.0
2289,1000.0,50.0,10.0,10.0,10.0
2290,1.0,100.0,10.0,10.0,10.0
2291,10.0,100.0,10.0,10.0,10.0
2292,50.0,100.0,10.0,10.0,10.0
2293,100.0,100.0,10.0,10.0,10.0
2294,1000.0,100.0,10.0,10.0,10.0
2295,1.0,1000.0,10.0,10.0,10.0
2296,10.0,1000.0,10.0,10.0,10.0
2297,50.0,1000.0,10.0,10.0,10.0
2298,100.0,1000.0,10.0,10.0,10.0
2299,1000.0,1000.0,10.0,10.0,10.0
2300,1.0,1.0,50.0,10.0,10.0
2301,10.0,1.0,50.0,10.0,10.0
2302,50.0,1.0,50.0,10.0,10.0
2303,100.0,1.0,50.0,10.0,10.0
2304,1000.0,1.0,50.0,10.0,10.0
2305,1.0,10.0,50.0,10.0,10.0
2306,10.0,10.0,50.0,10.0,10.0
2307,50.0,10.0,50.0,10.0,10.0
2308,100.0,10.0,50.0,10.0,10.0
2309,1000.0,10.0,50.0,10.0,10.0
2310,1.0,50.0,50.0,10.0,10.0
2311,10.0,50.0,50.0,10.0,10.0
2312,50.0,50.0,50.0,10.0,10.0
2313,100.0,50.0,50.0,10.0,10.0
2314,1000.0,50.0,50.0,10.0,10.0
2315,1.0,100.0,50.0,10.0,10.0
2316,10.0,100.0,50.0,10.0,10.0
2317,50.0,100.0,50.0,10.0,10.0
2318,100.0,100.0,50.0,10.0,10.0
2319,1000.0,100.0,50.0,10.0,10.0
2320,1.0,1000.0,50.0,10.0,10.0
2321,10.0,1000.0,50.0,10.0,10.0
2322,50.0,1000.0,50.0,10.0,10.0
2323,100.0,1000.0,50.0,10.0,10.0
2324,1000.0,1000.0,50.0,10.0,10.0
2325,1.0,1.0,100.0,10.0,10.0
2326,10.0,1.0,100.0,10.0,10.0
2327,50.0,1.0,100.0,10.0,10.0
2328,100.0,1.0,100.0,10.0,10.0
2329,1000.0,1.0,100.0,10.0,10.0
2330,1.0,10.0,100.0,10.0,10.0
2331,10.0,10.0,100.0,10.0,10.0
2332,50.0,10.0,100.0,10.0,10.0
2333,100.0,10.0,100.0,10.0,10.0
2334,1000.0,10.0,100.0,10.0,10.0
2335,1.0,50.0,100.0,10.0,10.0
2336,10.0,50.0,100.0,10.0,10.0
2337,50.0,50.0,100.0,10.0,10.0
2338,100.0,50.0,100.0,10.0,10.0
2339,1000.0,50.0,100.0,10.0,10.0
2340,1.0,100.0,100.0,10.0,10.0
2341,10.0,100.0,100.0,10.0,10.0
2342,50.0,100.0,100.0,10.0,10.0
2343,100.0,100.0,100.0,10.0,10.0
2344,1000.0,100.0,100.0,10.0,10.0
2345,1.0,1000.0,100.0,10.0,10.0
2346,10.0,1000.0,100.0,10.0,10.0
2347,50.0,1000.0,100.0,10.0,10.0
2348,100.0,1000.0,100.0,10.0,10.0
2349,1000.0,1000.0,100.0,10.0,10.0
2350,1.0,1.0,1000.0,10.0,10.0
2351,10.0,1.0,1000.0,10.0,10.0
2352,50.0,1.0,1000.0,10.0,10.0
2353,100.0,1.0,1000.0,10.0,10.0
2354,1000.0,1.0,1000.0,10.0,10.0
2355,1.0,10.0,1000.0,10.0,10.0
2356,10.0,10.0,1000.0,10.0,10.0
2357,50.0,10.0,1000.0,10.0,10.0
2358,100.0,10.0,1000.0,10.0,10.0
2359,1000.0,10.0,1000.0,10.0,10.0
2360,1.0,50.0,1000.0,10.0,10.0
2361,10.0,50.0,1000.0,10.0,10.0
2362,50.0,50.0,1000.0,10.0,10.0
2363,100.0,50.0,1000.0,10.0,10.0
2364,1000.0,50.0,1000.0,10.0,10.0
2365,1.0,100.0,1000.0,10.0,10.0
2366,10.0,100.0,1000.0,10.0,10.0
2367,50.0,100.0,1000.0,10.0,10.0
2368,100.0,100.0,1000.0,10.0,10.0
2369,1000.0,100.0,1000.0,10.0,10.0
2370,1.0,1000.0,1000.0,10.0,10.0
2371,10.0,1000.0,1000.0,10.0,10.0
2372,50.0,1000.0,1000.0,10.0,10.0
2373,100.0,1000.0,1000.0,10.0,10.0
2374,1000.0,1000.0,1000.0,10.0,10.0
2375,1.0,1.0,1.0,20.0,10.0
2376,10.0,1.0,1.0,20.0,10.0
2377,50.0,1.0,1.0,20.0,10.0
2378,100.0,1.0,1.0,20.0,10.0
2379,1000.0,1.0,1.0,20.0,10.0
2380,1.0,10.0,1.0,20.0,10.0
2381,10.0,10.0,1.0,20.0,10.0
2382,50.0,10.0,1.0,20.0,10.0
2383,100.0,10.0,1.0,20.0,10.0
2384,1000.0,10.0,1.0,20.0,10.0
2385,1.0,50.0,1.0,20.0,10.0
2386,10.0,50.0,1.0,20.0,10.0
2387,50.0,50.0,1.0,20.0,10.0
2388,100.0,50.0,1.0,20.0,10.0
2389,1000.0,50.0,1.0,20.0,10.0
2390,1.0,100.0,1.0,20.0,10.0
2391,10.0,100.0,1.0,20.0,10.0
2392,50.0,100.0,1.0,20.0,10.0
2393,100.0,100.0,1.0,20.0,10.0
2394,1000.0,100.0,1.0,20.0,10.0
2395,1.0,1000.0,1.0,20.0,10.0
2396,10.0,1000.0,1.0,20.0,10.0
2397,50.0,1000.0,1.0,20.0,10.0
2398,100.0,1000.0,1.0,20.0,10.0
2399,1000.0,1000.0,1.0,20.0,10.0
2400,1.0,1.0,10.0,20.0,10.0
2401,10.0,1.0,10.0,20.0,10.0
2402,50.0,1.0,10.0,20.0,10.0
2403,100.0,1.0,10.0,20.0,10.0
2404,1000.0,1.0,10.0,20.0,10.0
2405,1.0,10.0,10.0,20.0,10.0
2406,10.0,10.0,10.0,20.0,10.0
2407,50.0,10.0,10.0,20.0,10.0
2408,100.0,10.0,10.0,20.0,10.0
2409,1000.0,10.0,10.0,20.0,10.0
2410,1.0,50.0,10.0,20.0,10.0
2411,10.0,50.0,10.0,20.0,10.0
2412,50.0,50.0,10.0,20.0,10.0
2413,100.0,50.0,10.0,20.0,10.0
2414,1000.0,50.0,10.0,20.0,10.0
2415,1.0,100.0,10.0,20.0,10.0
2416,10.0,100.0,10.0,20.0,10.0
2417,50.0,100.0,10.0,20.0,10.0
2418,100.0,100.0,10.0,20.0,10.0
2419,1000.0,100.0,10.0,20.0,10.0
2420,1.0,1000.0,10.0,20.0,10.0
2421,10.0,1000.0,10.0,20.0,10.0
2422,50.0,1000.0,10.0,20.0,10.0
2423,100.0,1000.0,10.0,20.0,10.0
2424,1000.0,1000.0,10.0,20.0,10.0
2425,1.0,1.0,50.0,20.0,10.0
2426,10.0,1.0,50.0,20.0,10.0
2427,50.0,1.0,50.0,20.0,10.0
2428,100.0,1.0,50.0,20.0,10.0
2429,1000.0,1.0,50.0,20.0,10.0
2430,1.0,10.0,50.0,20.0,10.0
2431,10.0,10.0,50.0,20.0,10.0
2432,50.0,10.0,50.0,20.0,10.0
2433,100.0,10.0,50.0,20.0,10.0
2434,1000.0,10.0,50.0,20.0,10.0
2435,1.0,50.0,50.0,20.0,10.0
2436,10.0,50.0,50.0,20.0,10.0
2437,50.0,50.0,50.0,20.0,10.0
2438,100.0,50.0,50.0,20.0,10.0
2439,1000.0,50.0,50.0,20.0,10.0
2440,1.0,100.0,50.0,20.0,10.0
2441,10.0,100.0,50.0,20.0,10.0
2442,50.0,100.0,50.0,20.0,10.0
2443,100.0,100.0,50.0,20.0,10.0
2444,1000.0,100.0,50.0,20.0,10.0
2445,1.0,1000.0,50.0,20.0,10.0
2446,10.0,1000.0,50.0,20.0,10.0
2447,50.0,1000.0,50.0,20.0,10.0
2448,100.0,1000.0,50.0,20.0,10.0
2449,1000.0,1000.0,50.0,20.0,10.0
2450,1.0,1.0,100.0,20.0,10.0
2451,10.0,1.0,100.0,20.0,10.0
2452,50.0,1.0,100.0,20.0,10.0
2453,100.0,1.0,100.0,20.0,10.0
2454,1000.0,1.0,100.0,20.0,10.0
2455,1.0,10.0,100.0,20.0,10.0
2456,10.0,10.0,100.0,20.0,10.0
2457,50.0,10.0,100.0,20.0,10.0
2458,100.0,10.0,100.0,20.0,10.0
2459,1000.0,10.0,100.0,20.0,10.0
2460,1.0,50.0,100.0,20.0,10.0
2461,10.0,50.0,100.0,20.0,10.0
2462,50.0,50.0,100.0,20.0,10.0
2463,100.0,50.0,100.0,20.0,10.0
2464,1000.0,50.0,100.0,20.0,10.0
2465,1.0,100.0,100.0,20.0,10.0
2466,10.0,100.0,100.0,20.0,10.0
2467,50.0,100.0,100.0,20.0,10.0
2468,100.0,100.0,100.0,20.0,10.0
2469,1000.0,100.0,100.0,20.0,10.0
2470,1.0,1000.0,100.0,20.0,10.0
2471,10.0,1000.0,100.0,20.0,10.0
2472,50.0,1000.0,100.0,20.0,10.0
2473,100.0,1000.0,100.0,20.0,10.0
2474,1000.0,1000.0,100.0,20.0,10.0
2475,1.0,1.0,1000.0,20.0,10.0
2476,10.0,1.0,1000.0,20.0,10.0
2477,50.0,1.0,1000.0,20.0,10.0
2478,100.0,1.0,1000.0,20.0,10.0
2479,1000.0,1.0,1000.0,20.0,10.0
2480,1.0,10.0,1000.0,20.0,10.0
2481,10.0,10.0,1000.0,20.0,10.0
2482,50.0,10.0,1000.0,20.0,10.0
2483,100.0,10.0,1000.0,20.0,10.0
2484,1000.0,10.0,1000.0,20.0,10.0
2485,1.0,50.0,1000.0,20.0,10.0
2486,10.0,50.0,1000.0,20.0,10.0
2487,50.0,50.0,1000.0,20.0,10.0
2488,100.0,50.0,1000.0,20.0,10.0
2489,1000.0,50.0,1000.0,20.0,10.0
2490,1.0,100.0,1000.0,20.0,10.0
2491,10.0,100.0,1000.0,20.0,10.0
2492,50.0,100.0,1000.0,20.0,10.0
2493,100.0,100.0,1000.0,20.0,10.0
2494,1000.0,100.0,1000.0,20.0,10.0
2495,1.0,1000.0,1000.0,20.0,10.0
2496,10.0,1000.0,1000.0,20.0,10.0
2497,50.0,1000.0,1000.0,20.0,10.0
2498,100.0,1000.0,1000.0,20.0,10.0
2499,1000.0,1000.0,1000.0,20.0,10.0
2500,1.0,1.0,1.0,1.0,20.0
2501,10.0,1.0,1.0,1.0,20.0
2502,50.0,1.0,1.0,1.0,20.0
2503,100.0,1.0,1.0,1.0,20.0
2504,1000.0,1.0,1.0,1.0,20.0
2505,1.0,10.0,1.0,1.0,20.0
2506,10.0,10.0,1.0,1.0,20.0
2507,50.0,10.0,1.0,1.0,20.0
2508,100.0,10.0,1.0,1.0,20.0
2509,1000.0,10.0,1.0,1.0,20.0
2510,1.0,50.0,1.0,1.0,20.0
2511,10.0,50.0,1.0,1.0,20.0
2512,50.0,50.0,1.0,1.0,20.0
2513,100.0,50.0,1.0,1.0,20.0
2514,1000.0,50.0,1.0,1.0,20.0
2515,1.0,100.0,1.0,1.0,20.0
2516,10.0,100.0,1.0,1.0,20.0
2517,50.0,100.0,1.0,1.0,20.0
2518,100.0,100.0,1.0,1.0,20.0
2519,1000.0,100.0,1.0,1.0,20.0
2520,1.0,1000.0,1.0,1.0,20.0
2521,10.0,1000.0,1.0,1.0,20.0
2522,50.0,1000.0,1.0,1.0,20.0
2523,100.0,1000.0,1.0,1.0,20.0
2524,1000.0,1000.0,1.0,1.0,20.0
2525,1.0,1.0,10.0,1.0,20.0
2526,10.0,1.0,10.0,1.0,20.0
2527,50.0,1.0,10.0,1.0,20.0
2528,100.0,1.0,10.0,1.0,20.0
2529,1000.0,1.0,10.0,1.0,20.0
2530,1.0,10.0,10.0,1.0,20.0
2531,10.0,10.0,10.0,1.0,20.0
2532,50.0,10.0,10.0,1.0,20.0
2533,100.0,10.0,10.0,1.0,20.0
2534,1000.0,10.0,10.0,1.0,20.0
2535,1.0,50.0,10.0,1.0,20.0
2536,10.0,50.0,10.0,1.0,20.0
2537,50.0,50.0,10.0,1.0,20.0
2538,100.0,50.0,10.0,1.0,20.0
2539,1000.0,50.0,10.0,1.0,20.0
2540,1.0,100.0,10.0,1.0,20.0
2541,10.0,100.0,10.0,1.0,20.0
2542,50.0,100.0,10.0,1.0,20.0
2543,100.0,100.0,10.0,1.0,20.0
2544,1000.0,100.0,10.0,1.0,20.0
2545,1.0,1000.0,10.0,1.0,20.0
2546,10.0,1000.0,10.0,1.0,20.0
2547,50.0,1000.0,10.0,1.0,20.0
2548,100.0,1000.0,10.0,1.0,20.0
2549,1000.0,1000.0,10.0,1.0,20.0
2550,1.0,1.0,50.0,1.0,20.0
2551,10.0,1.0,50.0,1.0,20.0
2552,50.0,1.0,50.0,1.0,20.0
2553,100.0,1.0,50.0,1.0,20.0
2554,1000.0,1.0,50.0,1.0,20.0
2555,1.0,10.0,50.0,1.0,20.0
2556,10.0,10.0,50.0,1.0,20.0
2557,50.0,10.0,50.0,1.0,20.0
2558,100.0,10.0,50.0,1.0,20.0
2559,1000.0,10.0,50.0,1.0,20.0
2560,1.0,50.0,50.0,1.0,20.0
2561,10.0,50.0,50.0,1.0,20.0
2562,50.0,50.0,50.0,1.0,20.0
2563,100.0,50.0,50.0,1.0,20.0
2564,1000.0,50.0,50.0,1.0,20.0
2565,1.0,100.0,50.0,1.0,20.0
2566,10.0,100.0,50.0,1.0,20.0
2567,50.0,100.0,50.0,1.0,20.0
2568,100.0,100.0,50.0,1.0,20.0
2569,1000.0,100.0,50.0,1.0,20.0
2570,1.0,1000.0,50.0,1.0,20.0
2571,10.0,1000.0,50.0,1.0,20.0
2572,50.0,1000.0,50.0,1.0,20.0
2573,100.0,1000.0,50.0,1.0,20.0
2574,1000.0,1000.0,50.0,1.0,20.0
2575,1.0,1.0,100.0,1.0,20.0
2576,10.0,1.0,100.0,1.0,20.0
2577,50.0,1.0,100.0,1.0,20.0
2578,100.0,1.0,100.0,1.0,20.0
2579,1000.0,1.0,100.0,1.0,20.0
2580,1.0,10.0,100.0,1.0,20.0
2581,10.0,10.0,100.0,1.0,20.0
2582,50.0,10.0,100.0,1.0,20.0
2583,100.0,10.0,100.0,1.0,20.0
2584,1000.0,10.0,100.0,1.0,20.0
2585,1.0,50.0,100.0,1.0,20.0
2586,10.0,50.0,100.0,1.0,20.0
2587,50.0,50.0,100.0,1.0,20.0
2588,100.0,50.0,100.0,1.0,20.0
2589,1000.0,50.0,100.0,1.0,20.0
2590,1.0,100.0,100.0,1.0,20.0
2591,10.0,100.0,100.0,1.0,20.0
2592,50.0,100.0,100.0,1.0,20.0
2593,100.0,100.0,100.0,1.0,20.0
2594,1000.0,100.0,100.0,1.0,20.0
2595,1.0,1000.0,100.0,1.0,20.0
2596,10.0,1000.0,100.0,1.0,20.0
2597,50.0,1000.0,100.0,1.0,20.0
2598,100.0,1000.0,100.0,1.0,20.0
2599,1000.0,1000.0,100.0,1.0,20.0
2600,1.0,1.0,1000.0,1.0,20.0
2601,10.0,1.0,1000.0,1.0,20.0
2602,50.0,1.0,1000.0,1.0,20.0
2603,100.0,1.0,1000.0,1.0,20.0
2604,1000.0,1.0,1000.0,1.0,20.0
2605,1.0,10.0,1000.0,1.0,20.0
2606,10.0,10.0,1000.0,1.0,20.0
2607,50.0,10.0,1000.0,1.0,20.0
2608,100.0,10.0,1000.0,1.0,20.0
2609,1000.0,10.0,1000.0,1.0,20.0
2610,1.0,50.0,1000.0,1.0,20.0
2611,10.0,50.0,1000.0,1.0,20.0
2612,50.0,50.0,1000.0,1.0,20.0
2613,100.0,50.0,1000.0,1.0,20.0
2614,1000.0,50.0,1000.0,1.0,20.0
2615,1.0,100.0,1000.0,1.0,20.0
2616,10.0,100.0,1000.0,1.0,20.0
2617,50.0,100.0,1000.0,1.0,20.0
2618,100.0,100.0,1000.0,1.0,20.0
2619,1000.0,100.0,1000.0,1.0,20.0
2620,1.0,1000.0,1000.0,1.0,20.0
2621,10.0,1000.0,1000.0,1.0,20.0
2622,50.0,1000.0,1000.0,1.0,20.0
2623,100.0,1000.0,1000.0,1.0,20.0
2624,1000.0,1000.0,1000.0,1.0,20.0
2625,1.0,1.0,1.0,2.0,20.0
2626,10.0,1.0,1.0,2.0,20.0
2627,50.0,1.0,1.0,2.0,20.0
2628,100.0,1.0,1.0,2.0,20.0
2629,1000.0,1.0,1.0,2.0,20.0
2630,1.0,10.0,1.0,2.0,20.0
2631,10.0,10.0,1.0,2.0,20.0
2632,50.0,10.0,1.0,2.0,20.0
2633,100.0,10.0,1.0,2.0,20.0
2634,1000.0,10.0,1.0,2.0,20.0
2635,1.0,50.0,1.0,2.0,20.0
2636,10.0,50.0,1.0,2.0,20.0
2637,50.0,50.0,1.0,2.0,20.0
2638,100.0,50.0,1.0,2.0,20.0
2639,1000.0,50.0,1.0,2.0,20.0
2640,1.0,100.0,1.0,2.0,20.0
2641,10.0,100.0,1.0,2.0,20.0
2642,50.0,100.0,1.0,2.0,20.0
2643,100.0,100.0,1.0,2.0,20.0
2644,1000.0,100.0,1.0,2.0,20.0
2645,1.0,1000.0,1.0,2.0,20.0
2646,10.0,1000.0,1.0,2.0,20.0
2647,50.0,1000.0,1.0,2.0,20.0
2648,100.0,1000.0,1.0,2.0,20.0
2649,1000.0,1000.0,1.0,2.0,20.0
2650,1.0,1.0,10.0,2.0,20.0
2651,10.0,1.0,10.0,2.0,20.0
2652,50.0,1.0,10.0,2.0,20.0
2653,100.0,1.0,10.0,2.0,20.0
2654,1000.0,1.0,10.0,2.0,20.0
2655,1.0,10.0,10.0,2.0,20.0
2656,10.0,10.0,10.0,2.0,20.0
2657,50.0,10.0,10.0,2.0,20.0
2658,100.0,10.0,10.0,2.0,20.0
2659,1000.0,10.0,10.0,2.0,20.0
2660,1.0,50.0,10.0,2.0,20.0
2661,10.0,50.0,10.0,2.0,20.0
2662,50.0,50.0,10.0,2.0,20.0
2663,100.0,50.0,10.0,2.0,20.0
2664,1000.0,50.0,10.0,2.0,20.0
2665,1.0,100.0,10.0,2.0,20.0
2666,10.0,100.0,10.0,2.0,20.0
2667,50.0,100.0,10.0,2.0,20.0
2668,100.0,100.0,10.0,2.0,20.0
2669,1000.0,100.0,10.0,2.0,20.0
2670,1.0,1000.0,10.0,2.0,20.0
2671,10.0,1000.0,10.0,2.0,20.0
2672,50.0,1000.0,10.0,2.0,20.0
2673,100.0,1000.0,10.0,2.0,20.0
2674,1000.0,1000.0,10.0,2.0,20.0
2675,1.0,1.0,50.0,2.0,20.0
2676,10.0,1.0,50.0,2.0,20.0
2677,50.0,1.0,50.0,2.0,20.0
2678,100.0,1.0,50.0,2.0,20.0
2679,1000.0,1.0,50.0,2.0,20.0
2680,1.0,10.0,50.0,2.0,20.0
2681,10.0,10.0,50.0,2.0,20.0
2682,50.0,10.0,50.0,2.0,20.0
2683,100.0,10.0,50.0,2.0,20.0
2684,1000.0,10.0,50.0,2.0,20.0
2685,1.0,50.0,50.0,2.0,20.0
2686,10.0,50.0,50.0,2.0,20.0
2687,50.0,50.0,50.0,2.0,20.0
2688,100.0,50.0,50.0,2.0,20.0
2689,1000.0,50.0,50.0,2.0,20.0
2690,1.0,100.0,50.0,2.0,20.0
2691,10.0,100.0,50.0,2.0,20.0
2692,50.0,100.0,50.0,2.0,20.0
2693,100.0,100.0,50.0,2.0,20.0
2694,1000.0,100.0,50.0,2.0,20.0
2695,1.0,1000.0,50.0,2.0,20.0
2696,10.0,1000.0,50.0,2.0,20.0
2697,50.0,1000.0,50.0,2.0,20.0
2698,100.0,1000.0,50.0,2.0,20.0
2699,1000.0,1000.0,50.0,2.0,20.0
2700,1.0,1.0,100.0,2.0,20.0
2701,10.0,1.0,100.0,2.0,20.0
2702,50.0,1.0,100.0,2.0,20.0
2703,100.0,1.0,100.0,2.0,20.0
2704,1000.0,1.0,100.0,2.0,20.0
2705,1.0,10.0,100.0,2.0,20.0
2706,10.0,10.0,100.0,2.0,20.0
2707,50.0,10.0,100.0,2.0,20.0
2708,100.0,10.0,100.0,2.0,20.0
2709,1000.0,10.0,100.0,2.0,20.0
2710,1.0,50.0,100.0,2.0,20.0
2711,10.0,50.0,100.0,2.0,20.0
2712,50.0,50.0,100.0,2.0,20.0
2713,100.0,50.0,100.0,2.0,20.0
2714,1000.0,50.0,100.0,2.0,20.0
2715,1.0,100.0,100.0,2.0,20.0
2716,10.0,100.0,100.0,2.0,20.0
2717,50.0,100.0,100.0,2.0,20.0
2718,100.0,100.0,100.0,2.0,20.0
2719,1000.0,100.0,100.0,2.0,20.0
2720,1.0,1000.0,100.0,2.0,20.0
2721,10.0,1000.0,100.0,2.0,20.0
2722,50.0,1000.0,100.0,2.0,20.0
2723,100.0,1000.0,100.0,2.0,20.0
2724,1000.0,1000.0,100.0,2.0,20.0
2725,1.0,1.0,1000.0,2.0,20.0
2726,10.0,1.0,1000.0,2.0,20.0
2727,50.0,1.0,1000.0,2.0,20.0
2728,100.0,1.0,1000.0,2.0,20.0
2729,1000.0,1.0,1000.0,2.0,20.0
2730,1.0,10.0,1000.0,2.0,20.0
2731,10.0,10.0,1000.0,2.0,20.0
2732,50.0,10.0,1000.0,2.0,20.0
2733,100.0,10.0,1000.0,2.0,20.0
2734,1000.0,10.0,1000.0,2.0,20.0
2735,1.0,50.0,1000.0,2.0,20.0
2736,10.0,50.0,1000.0,2.0,20.0
2737,50.0,50.0,1000.0,2.0,20.0
2738,100.0,50.0,1000.0,2.0,20.0
2739,1000.0,50.0,1000.0,2.0,20.0
2740,1.0,100.0,1000.0,2.0,20.0
2741,10.0,100.0,1000.0,2.0,20.0
2742,50.0,100.0,1000.0,2.0,20.0
2743,100.0,100.0,1000.0,2.0,20.0
2744,1000.0,100.0,1000.0,2.0,20.0
2745,1.0,1000.0,1000.0,2.0,20.0
2746,10.0,1000.0,1000.0,2.0,20.0
2747,50.0,1000.0,1000.0,2.0,20.0
2748,100.0,1000.0,1000.0,2.0,20.0
2749,1000.0,1000.0,1000.0,2.0,20.0
2750,1.0,1.0,1.0,5.0,20.0
2751,10.0,1.0,1.0,5.0,20.0
2752,50.0,1.0,1.0,5.0,20.0
2753,100.0,1.0,1.0,5.0,20.0
2754,1000.0,1.0,1.0,5.0,20.0
2755,1.0,10.0,1.0,5.0,20.0
2756,10.0,10.0,1.0,5.0,20.0
2757,50.0,10.0,1.0,5.0,20.0
2758,100.0,10.0,1.0,5.0,20.0
2759,1000.0,10.0,1.0,5.0,20.0
2760,1.0,50.0,1.0,5.0,20.0
2761,10.0,50.0,1.0,5.0,20.0
2762,50.0,50.0,1.0,5.0,20.0
2763,100.0,50.0,1.0,5.0,20.0
2764,1000.0,50.0,1.0,5.0,20.0
2765,1.0,100.0,1.0,5.0,20.0
2766,10.0,100.0,1.0,5.0,20.0
2767,50.0,100.0,1.0,5.0,20.0
2768,100.0,100.0,1.0,5.0,20.0
2769,1000.0,100.0,1.0,5.0,20.0
2770,1.0,1000.0,1.0,5.0,20.0
2771,10.0,1000.0,1.0,5.0,20.0
2772,50.0,1000.0,1.0,5.0,20.0
2773,100.0,1000.0,1.0,5.0,20.0
2774,1000.0,1000.0,1.0,5.0,20.0
2775,1.0,1.0,10.0,5.0,20.0
2776,10.0,1.0,10.0,5.0,20.0
2777,50.0,1.0,10.0,5.0,20.0
2778,100.0,1.0,10.0,5.0,20.0
2779,1000.0,1.0,10.0,5.0,20.0
2780,1.0,10.0,10.0,5.0,20.0
2781,10.0,10.0,10.0,5.0,20.0
2782,50.0,10.0,10.0,5.0,20.0
2783,100.0,10.0,10.0,5.0,20.0
2784,1000.0,10.0,10.0,5.0,20.0
2785,1.0,50.0,10.0,5.0,20.0
2786,10.0,50.0,10.0,5.0,20.0
2787,50.0,50.0,10.0,5.0,20.0
2788,100.0,50.0,10.0,5.0,20.0
2789,1000.0,50.0,10.0,5.0,20.0
2790,1.0,100.0,10.0,5.0,20.0
2791,10.0,100.0,10.0,5.0,20.0
2792,50.0,100.0,10.0,5.0,20.0
2793,100.0,100.0,10.0,5.0,20.0
2794,1000.0,100.0,10.0,5.0,20.0
2795,1.0,1000.0,10.0,5.0,20.0
2796,10.0,1000.0,10.0,5.0,20.0
2797,50.0,1000.0,10.0,5.0,20.0
2798,100.0,1000.0,10.0,5.0,20.0
2799,1000.0,1000.0,10.0,5.0,20.0
2800,1.0,1.0,50.0,5.0,20.0
2801,10.0,1.0,50.0,5.0,20.0
2802,50.0,1.0,50.0,5.0,20.0
2803,100.0,1.0,50.0,5.0,20.0
2804,1000.0,1.0,50.0,5.0,20.0
2805,1.0,10.0,50.0,5.0,20.0
2806,10.0,10.0,50.0,5.0,20.0
2807,50.0,10.0,50.0,5.0,20.0
2808,100.0,10.0,50.0,5.0,20.0
2809,1000.0,10.0,50.0,5.0,20.0
2810,1.0,50.0,50.0,5.0,20.0
2811,10.0,50.0,50.0,5.0,20.0
2812,50.0,50.0,50.0,5.0,20.0
2813,100.0,50.0,50.0,5.0,20.0
2814,1000.0,50.0,50.0,5.0,20.0
2815,1.0,100.0,50.0,5.0,20.0
2816,10.0,100.0,50.0,5.0,20.0
2817,50.0,100.0,50.0,5.0,20.0
2818,100.0,100.0,50.0,5.0,20.0
2819,1000.0,100.0,50.0,5.0,20.0
2820,1.0,1000.0,50.0,5.0,20.0
2821,10.0,1000.0,50.0,5.0,20.0
2822,50.0,1000.0,50.0,5.0,20.0
2823,100.0,1000.0,50.0,5.0,20.0
2824,1000.0,1000.0,50.0,5.0,20.0
2825,1.0,1.0,100.0,5.0,20.0
2826,10.0,1.0,100.0,5.0,20.0
2827,50.0,1.0,100.0,5.0,20.0
2828,100.0,1.0,100.0,5.0,20.0
2829,1000.0,1.0,100.0,5.0,20.0
2830,1.0,10.0,100.0,5.0,20.0
2831,10.0,10.0,100.0,5.0,20.0
2832,50.0,10.0,100.0,5.0,20.0
2833,100.0,10.0,100.0,5.0,20.0
2834,1000.0,10.0,100.0,5.0,20.0
2835,1.0,50.0,100.0,5.0,20.0
2836,10.0,50.0,100.0,5.0,20.0
2837,50.0,50.0,100.0,5.0,20.0
2838,100.0,50.0,100.0,5.0,20.0
2839,1000.0,50.0,100.0,5.0,20.0
2840,1.0,100.0,100.0,5.0,20.0
2841,10.0,100.0,100.0,5.0,20.0
2842,50.0,100.0,100.0,5.0,20.0
2843,100.0,100.0,100.0,5.0,20.0
2844,1000.0,100.0,100.0,5.0,20.0
2845,1.0,1000.0,100.0,5.0,20.0
2846,10.0,1000.0,100.0,5.0,20.0
2847,50.0,1000.0,100.0,5.0,20.0
2848,100.0,1000.0,100.0,5.0,20.0
2849,1000.0,1000.0,100.0,5.0,20.0
2850,1.0,1.0,1000.0,5.0,20.0
2851,10.0,1.0,1000.0,5.0,20.0
2852,50.0,1.0,1000.0,5.0,20.0
2853,100.0,1.0,1000.0,5.0,20.0
2854,1000.0,1.0,1000.0,5.0,20.0
2855,1.0,10.0,1000.0,5.0,20.0
2856,10.0,10.0,1000.0,5.0,20.0
2857,50.0,10.0,1000.0,5.0,20.0
2858,100.0,10.0,1000.0,5.0,20.0
2859,1000.0,10.0,1000.0,5.0,20.0
2860,1.0,50.0,1000.0,5.0,20.0
2861,10.0,50.0,1000.0,5.0,20.0
2862,50.0,50.0,1000.0,5.0,20.0
2863,100.0,50.0,1000.0,5.0,20.0
2864,1000.0,50.0,1000.0,5.0,20.0
2865,1.0,100.0,1000.0,5.0,20.0
2866,10.0,100.0,1000.0,5.0,20.0
2867,50.0,100.0,1000.0,5.0,20.0
2868,100.0,100.0,1000.0,5.0,20.0
2869,1000.0,100.0,1000.0,5.0,20.0
2870,1.0,1000.0,1000.0,5.0,20.0
2871,10.0,1000.0,1000.0,5.0,20.0
2872,50.0,1000.0,1000.0,5.0,20.0
2873,100.0,1000.0,1000.0,5.0,20.0
2874,1000.0,1000.0,1000.0,5.0,20.0
2875,1.0,1.0,1.0,10.0,20.0
2876,10.0,1.0,1.0,10.0,20.0
2877,50.0,1.0,1.0,10.0,20.0
2878,100.0,1.0,1.0,10.0,20.0
2879,1000.0,1.0,1.0,10.0,20.0
2880,1.0,10.0,1.0,10.0,20.0
2881,10.0,10.0,1.0,10.0,20.0
2882,50.0,10.0,1.0,10.0,20.0
2883,100.0,10.0,1.0,10.0,20.0
2884,1000.0,10.0,1.0,10.0,20.0
2885,1.0,50.0,1.0,10.0,20.0
2886,10.0,50.0,1.0,10.0,20.0
2887,50.0,50.0,1.0,10.0,20.0
2888,100.0,50.0,1.0,10.0,20.0
2889,1000.0,50.0,1.0,10.0,20.0
2890,1.0,100.0,1.0,10.0,20.0
2891,10.0,100.0,1.0,10.0,20.0
2892,50.0,100.0,1.0,10.0,20.0
2893,100.0,100.0,1.0,10.0,20.0
2894,1000.0,100.0,1.0,10.0,20.0
2895,1.0,1000.0,1.0,10.0,20.0
2896,10.0,1000.0,1.0,10.0,20.0
2897,50.0,1000.0,1.0,10.0,20.0
2898,100.0,1000.0,1.0,10.0,20.0
2899,1000.0,1000.0,1.0,10.0,20.0
2900,1.0,1.0,10.0,10.0,20.0
2901,10.0,1.0,10.0,10.0,20.0
2902,50.0,1.0,10.0,10.0,20.0
2903,100.0,1.0,10.0,10.0,20.0
2904,1000.0,1.0,10.0,10.0,20.0
2905,1.0,10.0,10.0,10.0,20.0
2906,10.0,10.0,10.0,10.0,20.0
2907,50.0,10.0,10.0,10.0,20.0
2908,100.0,10.0,10.0,10.0,20.0
2909,1000.0,10.0,10.0,10.0,20.0
2910,1.0,50.0,10.0,10.0,20.0
2911,10.0,50.0,10.0,10.0,20.0
2912,50.0,50.0,10.0,10.0,20.0
2913,100.0,50.0,10.0,10.0,20.0
2914,1000.0,50.0,10.0,10.0,20.0
2915,1.0,100.0,10.0,10.0,20.0
2916,10.0,100.0,10.0,10.0,20.0
2917,50.0,100.0,10.0,10.0,20.0
2918,100.0,100.0,10.0,10.0,20.0
2919,1000.0,100.0,10.0,10.0,20.0
2920,1.0,1000.0,10.0,10.0,20.0
2921,10.0,1000.0,10.0,10.0,20.0
2922,50.0,1000.0,10.0,10.0,20.0
2923,100.0,1000.0,10.0,10.0,20.0
2924,1000.0,1000.0,10.0,10.0,20.0
2925,1.0,1.0,50.0,10.0,20.0
2926,10.0,1.0,50.0,10.0,20.0
2927,50.0,1.0,50.0,10.0,20.0
2928,100.0,1.0,50.0,10.0,20.0
2929,1000.0,1.0,50.0,10.0,20.0
2930,1.0,10.0,50.0,10.0,20.0
2931,10.0,10.0,50.0,10.0,20.0
2932,50.0,10.0,50.0,10.0,20.0
2933,100.0,10.0,50.0,10.0,20.0
2934,1000.0,10.0,50.0,10.0,20.0
2935,1.0,50.0,50.0,10.0,20.0
2936,10.0,50.0,50.0,10.0,20.0
2937,50.0,50.0,50.0,10.0,20.0
2938,100.0,50.0,50.0,10.0,20.0
2939,1000.0,50.0,50.0,10.0,20.0
2940,1.0,100.0,50.0,10.0,20.0
2941,10.0,100.0,50.0,10.0,20.0
2942,50.0,100.0,50.0,10.0,20.0
2943,100.0,100.0,50.0,10.0,20.0
2944,1000.0,100.0,50.0,10.0,20.0
2945,1.0,1000.0,50.0,10.0,20.0
2946,10.0,1000.0,50.0,10.0,20.0
2947,50.0,1000.0,50.0,10.0,20.0
2948,100.0,1000.0,50.0,10.0,20.0
2949,1000.0,1000.0,50.0,10.0,20.0
2950,1.0,1.0,100.0,10.0,20.0
2951,10.0,1.0,100.0,10.0,20.0
2952,50.0,1.0,100.0,10.0,20.0
2953,100.0,1.0,100.0,10.0,20.0
2954,1000.0,1.0,100.0,10.0,20.0
2955,1.0,10.0,100.0,10.0,20.0
2956,10.0,10.0,100.0,10.0,20.0
2957,50.0,10.0,100.0,10.0,20.0
2958,100.0,10.0,100.0,10.0,20.0
2959,1000.0,10.0,100.0,10.0,20.0
2960,1.0,50.0,100.0,10.0,20.0
2961,10.0,50.0,100.0,10.0,20.0
2962,50.0,50.0,100.0,10.0,20.0
2963,100.0,50.0,100.0,10.0,20.0
2964,1000.0,50.0,100.0,10.0,20.0
2965,1.0,100.0,100.0,10.0,20.0
2966,10.0,100.0,100.0,10.0,20.0
2967,50.0,100.0,100.0,10.0,20.0
2968,100.0,100.0,100.0,10.0,20.0
2969,1000.0,100.0,100.0,10.0,20.0
2970,1.0,1000.0,100.0,10.0,20.0
2971,10.0,1000.0,100.0,10.0,20.0
2972,50.0,1000.0,100.0,10.0,20.0
2973,100.0,1000.0,100.0,10.0,20.0
2974,1000.0,1000.0,100.0,10.0,20.0
2975,1.0,1.0,1000.0,10.0,20.0
2976,10.0,1.0,1000.0,10.0,20.0
2977,50.0,1.0,1000.0,10.0,20.0
2978,100.0,1.0,1000.0,10.0,20.0
2979,1000.0,1.0,1000.0,10.0,20.0
2980,1.0,10.0,1000.0,10.0,20.0
2981,10.0,10.0,1000.0,10.0,20.0
2982,50.0,10.0,1000.0,10.0,20.0
2983,100.0,10.0,1000.0,10.0,20.0
2984,1000.0,10.0,1000.0,10.0,20.0
2985,1.0,50.0,1000.0,10.0,20.0
2986,10.0,50.0,1000.0,10.0,20.0
2987,50.0,50.0,1000.0,10.0,20.0
2988,100.0,50.0,1000.0,10.0,20.0
2989,1000.0,50.0,1000.0,10.0,20.0
2990,1.0,100.0,1000.0,10.0,20.0
2991,10.0,100.0,1000.0,10.0,20.0
2992,50.0,100.0,1000.0,10.0,20.0
2993,100.0,100.0,1000.0,10.0,20.0
2994,1000.0,100.0,1000.0,10.0,20.0
2995,1.0,1000.0,1000.0,10.0,20.0
2996,10.0,1000.0,1000.0,10.0,20.0
2997,50.0,1000.0,1000.0,10.0,20.0
2998,100.0,1000.0,1000.0,10.0,20.0
2999,1000.0,1000.0,1000.0,10.0,20.0
3000,1.0,1.0,1.0,20.0,20.0
3001,10.0,1.0,1.0,20.0,20.0
3002,50.0,1.0,1.0,20.0,20.0
3003,100.0,1.0,1.0,20.0,20.0
3004,1000.0,1.0,1.0,20.0,20.0
3005,1.0,10.0,1.0,20.0,20.0
3006,10.0,10.0,1.0,20.0,20.0
3007,50.0,10.0,1.0,20.0,20.0
3008,100.0,10.0,1.0,20.0,20.0
3009,1000.0,10.0,1.0,20.0,20.0
3010,1.0,50.0,1.0,20.0,20.0
3011,10.0,50.0,1.0,20.0,20.0
3012,50.0,50.0,1.0,20.0,20.0
3013,100.0,50.0,1.0,20.0,20.0
3014,1000.0,50.0,1.0,20.0,20.0
3015,1.0,100.0,1.0,20.0,20.0
3016,10.0,100.0,1.0,20.0,20.0
3017,50.0,100.0,1.0,20.0,20.0
3018,100.0,100.0,1.0,20.0,20.0
3019,1000.0,100.0,1.0,20.0,20.0
3020,1.0,1000.0,1.0,20.0,20.0
3021,10.0,1000.0,1.0,20.0,20.0
3022,50.0,1000.0,1.0,20.0,20.0
3023,100.0,1000.0,1.0,20.0,20.0
3024,1000.0,1000.0,1.0,20.0,20.0
3025,1.0,1.0,10.0,20.0,20.0
3026,10.0,1.0,10.0,20.0,20.0
3027,50.0,1.0,10.0,20.0,20.0
3028,100.0,1.0,10.0,20.0,20.0
3029,1000.0,1.0,10.0,20.0,20.0
3030,1.0,10.0,10.0,20.0,20.0
3031,10.0,10.0,10.0,20.0,20.0
3032,50.0,10.0,10.0,20.0,20.0
3033,100.0,10.0,10.0,20.0,20.0
3034,1000.0,10.0,10.0,20.0,20.0
3035,1.0,50.0,10.0,20.0,20.0
3036,10.0,50.0,10.0,20.0,20.0
3037,50.0,50.0,10.0,20.0,20.0
3038,100.0,50.0,10.0,20.0,20.0
3039,1000.0,50.0,10.0,20.0,20.0
3040,1.0,100.0,10.0,20.0,20.0
3041,10.0,100.0,10.0,20.0,20.0
3042,50.0,100.0,10.0,20.0,20.0
3043,100.0,100.0,10.0,20.0,20.0
3044,1000.0,100.0,10.0,20.0,20.0
3045,1.0,1000.0,10.0,20.0,20.0
3046,10.0,1000.0,10.0,20.0,20.0
3047,50.0,1000.0,10.0,20.0,20.0
3048,100.0,1000.0,10.0,20.0,20.0
3049,1000.0,1000.0,10.0,20.0,20.0
3050,1.0,1.0,50.0,20.0,20.0
3051,10.0,1.0,50.0,20.0,20.0
3052,50.0,1.0,50.0,20.0,20.0
3053,100.0,1.0,50.0,20.0,20.0
3054,1000.0,1.0,50.0,20.0,20.0
3055,1.0,10.0,50.0,20.0,20.0
3056,10.0,10.0,50.0,20.0,20.0
3057,50.0,10.0,50.0,20.0,20.0
3058,100.0,10.0,50.0,20.0,20.0
3059,1000.0,10.0,50.0,20.0,20.0
3060,1.0,50.0,50.0,20.0,20.0
3061,10.0,50.0,50.0,20.0,20.0
3062,50.0,50.0,50.0,20.0,20.0
3063,100.0,50.0,50.0,20.0,20.0
3064,1000.0,50.0,50.0,20.0,20.0
3065,1.0,100.0,50.0,20.0,20.0
3066,10.0,100.0,50.0,20.0,20.0
3067,50.0,100.0,50.0,20.0,20.0
3068,100.0,100.0,50.0,20.0,20.0
3069,1000.0,100.0,50.0,20.0,20.0
3070,1.0,1000.0,50.0,20.0,20.0
3071,10.0,1000.0,50.0,20.0,20.0
3072,50.0,1000.0,50.0,20.0,20.0
3073,100.0,1000.0,50.0,20.0,20.0
3074,1000.0,1000.0,50.0,20.0,20.0
3075,1.0,1.0,100.0,20.0,20.0
3076,10.0,1.0,100.0,20.0,20.0
3077,50.0,1.0,100.0,20.0,20.0
3078,100.0,1.0,100.0,20.0,20.0
3079,1000.0,1.0,100.0,20.0,20.0
3080,1.0,10.0,100.0,20.0,20.0
3081,10.0,10.0,100.0,20.0,20.0
3082,50.0,10.0,100.0,20.0,20.0
3083,100.0,10.0,100.0,20.0,20.0
3084,1000.0,10.0,100.0,20.0,20.0
3085,1.0,50.0,100.0,20.0,20.0
3086,10.0,50.0,100.0,20.0,20.0
3087,50.0,50.0,100.0,20.0,20.0
3088,100.0,50.0,100.0,20.0,20.0
3089,1000.0,50.0,100.0,20.0,20.0
3090,1.0,100.0,100.0,20.0,20.0
3091,10.0,100.0,100.0,20.0,20.0
3092,50.0,100.0,100.0,20.0,20.0
3093,100.0,100.0,100.0,20.0,20.0
3094,1000.0,100.0,100.0,20.0,20.0
3095,1.0,1000.0,100.0,20.0,20.0
3096,10.0,1000.0,100.0,20.0,20.0
3097,50.0,1000.0,100.0,20.0,20.0
3098,100.0,1000.0,100.0,20.0,20.0
3099,1000.0,1000.0,100.0,20.0,20.0
3100,1.0,1.0,1000.0,20.0,20.0
3101,10.0,1.0,1000.0,20.0,20.0
3102,50.0,1.0,1000.0,20.0,20.0
3103,100.0,1.0,1000.0,20.0,20.0
3104,1000.0,1.0,1000.0,20.0,20.0
3105,1.0,10.0,1000.0,20.0,20.0
3106,10.0,10.0,1000.0,20.0,20.0
3107,50.0,10.0,1000.0,20.0,20.0
3108,100.0,10.0,1000.0,20.0,20.0
3109,1000.0,10.0,1000.0,20.0,20.0
3110,1.0,50.0,1000.0,20.0,20.0
3111,10.0,50.0,1000.0,20.0,20.0
3112,50.0,50.0,1000.0,20.0,20.0
3113,100.0,50.0,1000.0,20.0,20.0
3114,1000.0,50.0,1000.0,20.0,20.0
3115,1.0,100.0,1000.0,20.0,20.0
3116,10.0,100.0,1000.0,20.0,20.0
3117,50.0,100.0,1000.0,20.0,20.0
3118,100.0,100.0,1000.0,20.0,20.0
3119,1000.0,100.0,1000.0,20.0,20.0
3120,1.0,1000.0,1000.0,20.0,20.0
3121,10.0,1000.0,1000.0,20.0,20.0
3122,50.0,1000.0,1000.0,20.0,20.0
3123,100.0,1000.0,1000.0,20.0,20.0
3124,1000.0,1000.0,1000.0,20.0,20.0
